,admiration
0,"Whoa, that twist was insane! Did *not* see that coming ğŸ˜‚  "
1,"Iâ€™ve been playing this game all day, send help hahaha ğŸ™ƒ  "
2,"Glad to see them doing well, totally deserved! ğŸ‰  "
3,Just watched the latest epâ€”so many feels ğŸ’”  
4,Thatâ€™s a wild fact! Definitely didnâ€™t know that til now ğŸ¤¯  
5,"Sheâ€™s such a queen, love everything about her style ğŸ‘‘  "
6,"Cannot stop listening to this song, itâ€™s fire ğŸ”¥  "
7,"This looks like the coziest spot ever, need to visit asap â¤ï¸  "
8,"Ate there last week, and everything was delicious! Highly recommend ğŸŒ®  "
9,Anyone else feel personally attacked by that plot twist?! ğŸ˜…
10,"What a plot twist, didn't see that coming ğŸ˜‚"
11,I'm honestly amazed by how chill everyone is in that sub!
12,"Saw this and literally LOL'd, my coworker gave me side-eye ğŸ¤£"
13,"If it's not too personal, how'd you get started? "
14,"Man, I wish I had that kind of energy in the mornings!"
15,"Your cat is living its best life, honestly goals ğŸ¾"
16,Got three words: Add. To. Cart. ğŸ˜
17,"OMG, do you have a recipe for that? Looks delish!"
18,"Geez, that reminded me of my aunt, sheâ€™s wild but lovable lol"
19,"His reaction was priceless, best thing I've seen all day!"
20,Ha! This is the kind of chaos I live for ğŸ˜‚
21,"Dude, that's a pretty rad concept. I'm on board!"
22,"Honestly, I'm waiting for the sequel to this masterpiece ğŸ’¯"
23,You guys look adorable together! ğŸ¥°
24,"I wish I had a dollar for every time I heard that... I'd have like, $7."
25,"This is exactly what I needed to see today, thanks for sharing!"
26,"The plot twist here was freaking brilliant, ngl."
27,Sheâ€™s such a legend. I've always been a fan.
28,"Was not expecting that but WOW, it delivered. "
29,This dude just nailed it! Can't stop laughing ğŸ˜‚
30,"Wow, just binge-watched that series and omg what a twist ğŸ˜±"
31,"Just got the new expansion pack, and it's everything I needed in life!"
32,"Honestly, if you haven't tried adding avocado, are you even living?"
33,"Yo, that album hit different. Every track is fire ğŸ”¥"
34,I lowkey wish every workday started at noon. Morning struggles are real.
35,Canâ€™t believe I slept on this game for so long. The graphics are stunning!
36,"Every time I think I'm over pumpkin spice, fall hits and here we go again ğŸƒ"
37,Watching the livestream and honestly? I'm hyped!!! 
38,"Why is it so easy to lose socks, but the ugly ones always stay?"
39,"Got to meet the band after the show, and they were the nicest people ever!"
40,This makes me smile so much ğŸ˜Š
41,"Classic move, love it! ğŸ‰"
42,I'm dying ğŸ˜‚ That was perfect!
43,This reminds me of my favorite episode. Good times!
44,Such a cute pup! I need this in my life ğŸ¶
45,Nice! Iâ€™m hyped to check it out now
46,"Great advice, as always! Thanks for sharing â¤ï¸"
47,"OMG, the nostalgia is hitting hard! ğŸ®"
48,"This is why I love this sub, so wholesome!"
49,"He's the best there is, no doubt ğŸ’¯"
50,"Wow, that latte art is incredible! Almost too pretty to drink â˜•ï¸"
51,"Wasn't expecting that plot twist, but dang it was satisfying! ğŸ¥"
52,"My cat does the same thing, acts like a dog and everything ğŸ˜‚ğŸˆ"
53,I swear your playlists are always on point! Need to share more of them ğŸ¶
54,Thatâ€™s exactly how I felt after the episode. Such a wild ride! ğŸ˜®
55,"Honestly, nothing beats a good burger at 2am ğŸ”"
56,Game night at yours again? Letâ€™s do it! ğŸ²
57,"Every time I see rainbows, Iâ€™m reminded of how beautiful nature is ğŸŒˆ"
58,"Best match Iâ€™ve seen in ages, both teams were on fire! ğŸ”¥"
59,"OMG, this artwork is stunning, I need a print for my wall! ğŸ–¼ï¸"
60,That's so clever! Wish I thought of it first ğŸ˜‚
61,"Wow, I can't believe how adorable this is. Cats truly win the internet!"
62,Why does this actually make so much sense? Mind blown ğŸ¤¯
63,"Every time I think I'm done with the series, a new plot twist drags me back in!"
64,"Your cooking skills are on another level, seriously impressed! ğŸ³"
65,This reminds me of a rollercoaster I went on last summer. Definitely a heart-pounder!
66,"Honestly, this is the best wholesome content I've seen all week. Needed this positivity ğŸ˜Š"
67,"If only my landlord would let me have a dog, life goals right there."
68,This playlist is the perfect background for studying. Thanks for sharing!
69,"The sunset looks like a painting, almost too beautiful to be real! ğŸŒ…"
70,This makes my Monday a whole lot better ğŸ¤—
71,"Wait, was this real? I legit thought it was a meme ğŸ¤£"
72,Props to OP for making this so relatable! ğŸ˜‚
73,"Just watched it, and wow, totally worth the hype!"
74,His comeback is legendary. Dudeâ€™s been grinding! ğŸ’ª
75,"Wow, I had no idea this existed. Mind blown! ğŸ¤¯"
76,"Can't believe I missed this band all these years, they're amazing! ğŸ¶"
77,Truth bombs dropped. My mind is officially blown. ğŸ’¥
78,"No way, this made my day!! Thank you for sharing! ğŸ˜Š"
79,The nostalgia hit me like a train. What a classic! ğŸš‚
80,Absolutely love this idea! Count me in when itâ€™s live. ğŸ¥³
81,That moment when you realize the plot twist was literally in your face the whole time! ğŸ˜±
82,"His reaction makes it ten times better, pure gold! ğŸ˜‚"
83,Super impressed with how they handled that scene. Itâ€™s one for the books!
84,I'm obsessed with that new track; itâ€™s been on repeat all day! ğŸ¶
85,Who needs sleep when youâ€™ve got a whole season to binge? ğŸ˜‚
86,"His live performance was unreal, definitely a must-see if you get the chance!"
87,"This game has me hooked, canâ€™t believe I didnâ€™t start it sooner! ğŸ®"
88,Nothing beats cozying up with a cup of tea and a good book on a rainy day. ğŸ“š
89,You nailed it with that comment; couldnâ€™t have said it better myself! ğŸ™Œ
90,"Wow, that plot twist had me shook! ğŸ˜®"
91,"I love how real and down-to-earth you are, [NAME]."
92,Just binged the entire series in one weekend... worth it! 
93,That drawing is giving me life right now! ğŸ¨
94,Still canâ€™t get over how epic the concert was last night. ğŸ¤˜
95,"Her outfit is on point, total fashion goals! "
96,"Y'all are seriously couple goals, too cute! ğŸ’•"
97,"This game has taken over my life, send help! ğŸ˜‚"
98,"Honestly, your playlist saved my day. ğŸ¶"
99,Why did this make me laugh so hard? ğŸ˜‚
100,No one's gonna out-pizza the hut ğŸ˜†
101,"I wish I could nap like my cat, heâ€™s got the life haha"
102,OMG this reminds me of when my grandma used to bake pies ğŸ°
103,I literally can't stop listening to that song on repeat
104,Rainy days are the best excuse to do nothing ğŸŒ§ï¸
105,I finally watched that show and OMG why didnâ€™t you tell me sooner??
106,"Your setup is sick, dude, what a gamer paradise!"
107,That plot twist hit harder than my mom's slipper ğŸ˜‚
108,Canâ€™t believe people are still whipping out Gangnam Style at parties lmao
109,Is it weird that I kind of like pineapple on pizza now? ğŸğŸ•
110,"Dude, that plot twist in the last episode blew my mind!"
111,This made me laugh way harder than it should have ğŸ˜‚
112,"If you like that, you'll love their new album. It's pure fire! ğŸ”¥"
113,"I can't believe how much work you put into this, kudos to you!"
114,"Honestly, I think that character is underrated af."
115,"Damn, I'm bookmarking this recipe for later. Looks delish!"
116,"Your drawing skills are insane, seriously impressive stuff."
117,"Iâ€™m genuinely excited for the next season, itâ€™s gonna be epic."
118,"Whoa, thatâ€™s such a relatable post. Hits right in the feels."
119,I'm calling it now: this is my new favorite subreddit.
120,"Just saw the new episodeâ€¦ wow, what a ride! ğŸ¤¯"
121,"Haha, love the username ğŸ˜‚"
122,"Canâ€™t believe I missed this game, highlights were insane!"
123,"This pasta looks soooo delicious, recipe please!"
124,"Got my first paycheck today, drinks on me! ğŸ»"
125,Anyone else think [NAME] deserved better? Smh ğŸ¤¦â€â™‚ï¸
126,"Damn, heard this track on repeat, such a bop!"
127,"Wow, so jealous of your vacay pics, looks stunning! ğŸ˜"
128,"Officially hooked on this series, binge-watching all weekend!"
129,"Those sneakers are ğŸ”¥, where did you get them?"
130,I canâ€™t believe [NAME] actually pulled this off! So proud of them! ğŸ‰
131,Looks like a recipe for disaster... but also kinda fun?
132,"If you havenâ€™t tried [NAME]â€™s technique, youâ€™re missing out. Game-changer!"
133,"This is such an adorable picture, made my day ğŸ¥°"
134,"Man, wish I could be half as talented as [NAME] with their art skills!"
135,"Holy crap, that plot twist in the last episode was insane!"
136,Anyone else just here to scroll and see if their fav comment shows up lol
137,"Got a free coffee today, guess itâ€™s my lucky day! ğŸ˜"
138,"I was legit laughing so hard, almost spit out my drink!"
139,Anyone got book recs that are as good as this post? ğŸ“š
140,I can't believe I waited this long to pick up that series! It's such a good watch.
141,"Honestly, this is the kind of wholesome content I come here for. Love it. â¤ï¸"
142,"Yoooo this is actually genius, never would've thought of it myself!"
143,"Cooking is like art for the stomach, and this dish looks like a masterpiece!"
144,"Dude, if [NAME] runs for office, I'd vote no questions asked ğŸ˜‚"
145,"Not gonna lie, this made me spit out my coffee from laughing so hard."
146,"Man, [NAME] has always been a beast on the court, happy to see him getting recognition."
147,Nothing like sipping coffee and reading the comments. Good vibes all around.
148,"Love seeing these two together, the chemistry is undeniable!"
149,"Whoa, that's a wild story! Hope everything turns out cool for you, man."
150,"That episode blew my mind, can't wait for the next one! ğŸ¤¯"
151,I swear this is the cutest cat pic I've ever seen today ğŸ±
152,"Imagine waking up to that view every morning, so jealous ğŸŒ„"
153,"I tried that recipe and wow, it was delish! Thanks for sharing ğŸ˜‹"
154,My dog would freak out if he saw that ğŸ˜‚
155,"Just finished the game and omg, what an ending!"
156,"Man, that concert was legendary, totally worth the trip ğŸ¸"
157,Why does this make me want to plan a road trip immediately? ğŸš—
158,Anyone know if this is as good as it looks? Canâ€™t decide if I should buy it.
159,That workout routine is intense but I'm feeling stronger already ğŸ’ª
160,This made my day ğŸ˜‚ Thanks for sharing!
161,"Wow, this looks incredible! Definitely trying this out ğŸ•"
162,"I can't wait for the next season, the hype is real!"
163,"Your art skills are insane, keep it up! ğŸ¨"
164,"Sheâ€™s absolutely stunning in that photo, no doubt!"
165,"I love a good plot twist, and this one didnâ€™t disappoint!"
166,"Man, you really nailed that explanation, thanks!"
167,I think I laughed harder than I shouldâ€™ve ğŸ˜‚
168,Gotta love when things just work out perfectly.
169,"Thatâ€™s one adorable pupper, melts my heart every time. ğŸ¶"
170,This is the kind of wholesome content I needed today! ğŸ˜Š
171,Yaas! I've been waiting for this update. So proud of you! ğŸ‰
172,"Wow, this recipe looks incredible. Definitely adding it to my cooking list!"
173,"Honestly impressed by the level of detail here. Great work, OP!"
174,"LOL, this comment made my day ğŸ˜‚"
175,"Just finished binge-watching, and it was such an emotional ride. Highly recommend!"
176,Exactly what I was thinking! It's like you read my mind ğŸ‘€
177,I seriously can't stop laughing at this. Thanks for sharing!
178,Such an adorable pup! Give it all the treats! ğŸ¶
179,"Ugh, the art style in this gif is mesmerizing! ğŸ’–"
180,I canâ€™t believe I never thought of that! Such a smart move dude ğŸ˜„
181,"Lol, literally me every day before coffee! ğŸ˜‚"
182,"Honestly, this is like the best possible outcome ğŸ™Œ"
183,"That game was such a wild ride, totally had me on the edge of my seat ğŸ¢"
184,Love this track! Itâ€™s been on repeat since it dropped ğŸ§
185,OMG your cat is the cutest thing ever! Look at those eyes ğŸ˜
186,Never gets old; this series is pure gold ğŸ‘Œ
187,"Ughhh canâ€™t wait for the weekend, need some serious downtime ASAP ğŸ˜©"
188,"Dude, you just made my day with this post âœ¨"
189,"Great job with the artwork, the colors are absolutely stunning! ğŸ¨"
190,Thatâ€™s amazing! Canâ€™t wait to try it myself ğŸ˜„
191,"Yo, this made my day! Thanks for sharing!"
192,Honestly didnâ€™t know about this. Mind blown ğŸ¤¯
193,Such a good pupper! Give 'em all the treats â¤
194,"Yikes, really hope it gets better soon!"
195,"Loving the creativity on display here, keep it up!"
196,This is dope! Definitely inspired now.
197,"LMFAO, best thing Iâ€™ve read all week ğŸ˜‚"
198,"A true masterpiece, bravo ğŸ‘"
199,"That was so sweet, made me smile big time ğŸ˜Š"
200,That cat looks just like my neighbor's. Super cute! ğŸ˜¸
201,"Wow, I didn't know I needed this until I saw it."
202,Absolutely legendary! That guy is an icon.
203,"Man, this series has the best plot twists."
204,"Stylish and chic, love that outfit!"
205,"No way, that made my day ğŸ˜‚"
206,Iâ€™ve never seen a plot thicken so quickly!
207,Epic gameplay! Canâ€™t wait to try this out.
208,"This comment thread is pure gold, lol."
209,Iâ€™d honestly love to go there someday. Beautiful place!
210,This is the kind of wholesome content I needed today ğŸ˜Š
211,Totally agree! The soundtrack was fire and really brought the scenes to life.
212,That's wild! Never knew that part of history before. Mind blown.
213,"LOL epic fail, but at least you tried ğŸ˜‚ better luck next time!"
214,Cats just have that magical power to make any day better. Bless 'em.
215,I canâ€™t stop laughing at this. The timing was just perfect! ğŸ˜‚
216,"Props to the delivery guy for making a creative entrance, lol.   "
217,"Honestly, [NAME] is just living his best life and Iâ€™m here for it!"
218,Iâ€™ve been following [NAME] for a while and they never disappoint! Quality content.
219,"This is so heartfelt, really makes you appreciate the little things in life."
220,"Whoa, talk about a throwback to simpler times! ğŸ˜…"
221,"I swear if I ever hear [NAME] sing that live, I might just cry. "
222,Man this is such a mood. ğŸ˜‚
223,Your positivity is infectious. ğŸ¤—
224,"Aaah this makes me want to adopt 10 cats, so precious! "
225,This plot twist hit harder than my morning coffee.
226,"OMG the nostalgia is real, what a gem."
227,"Glad to see some smiles around here, much needed. ğŸ˜Š"
228,Tell me you didnâ€™t just come up with that on the spot?! Genius.
229,"Honestly, this made my day brighter, thank you. ğŸŒŸ"
230,Absolutely love this! Let's make it a thing. ğŸ‘
231,"Hah, classic [NAME] move. Always knew it was coming."
232,"Man, those graphics are top-notch. Can't wait to play!"
233,"Sheesh, what a turnaround! Didn't see that coming."
234,Cooking streams are strangely soothing. Anyone else hooked?
235,This is peak internet humor. Bravo! ğŸ˜‚
236,Gotta respect their hustle. Really stepping up!
237,"Whoa, hit me right in the feels. Such a good scene."
238,"Just started watching, and Iâ€™m hooked already!"
239,Epic! Thatâ€™s the kind of energy I need today. ğŸ’ª
240,"Wow, that comeback made my day! Absolute legend ğŸ˜‚"
241,"What a gem! Hard agree on that one, fam."
242,"I'm getting some serious nostalgia vibes here, love it!"
243,Your cat's the real MVP. Looks like pure joy! ğŸ±
244,"Dang, didn't know that. Thanks for the intel!"
245,"This needs all the upvotes. Pure gold, my dude! ğŸ‘"
246,You've got a great eye for this stuff. Truly inspiring!
247,Can't believe how wholesome this is. Definitely needed this today. ğŸ˜Š
248,"Man, this was a wild ride start to finish. Just WOW."
249,That's one of the sweetest things I've read all week. Thanks for sharing!
250,"Wow, love this idea! Count me in when it goes live."
251,Your cat looks like a tiny tiger! So adorable ğŸ˜
252,"Can't believe how much I laughed at this, absolute truth ğŸ˜‚"
253,Your dedication to this project is genuinely inspiring. Keep it up!
254,I really miss the good old PS2 days. So many classics!
255,"Not gonna lie, that song has been stuck in my head all week too! ğŸ¶"
256,Seeing your art progress over the years is truly amazing!
257,$5 for all-you-can-eat sushi? Sign me up!
258,"Honestly, your travel photos make me want to book a flight right now."
259,"This game has been a total time-sink, but in the best way possible! ğŸ®"
260,This is fantastic! I can't believe I haven't seen this before!
261,I just got into this show and it's already my favorite. So many plot twists!
262,Her smile is contagious! Pure happiness in that photo.
263,That's honestly the best recipe I've tried in ages. Kudos to the chef!
264,"Wow, that view is incredible. Makes me wanna pack my bags and travel."
265,"Honestly, this is such a wholesome story. We need more content like this."
266,"I literally can't stop laughing at this meme, it's gold!"
267,I'm so proud of [NAME]. What a legend for pulling that off!
268,This song has been on repeat for days. Can't get enough!
269,Props to you for sticking with it. The progress is amazing!
270,"Wow, that escalated quickly! ğŸ¿"
271,"Love this idea, but itâ€™d be like herding cats ğŸ˜‚"
272,"Thatâ€™s an amazing cover, love how unique it sounds!"
273,"Iâ€™ve tried that recipe, it turned out soooo good ğŸ¤¤"
274,What a wholesome moment caught on camera ğŸ“¸â¤ï¸
275,"Totally agree, that scene was pure genius!"
276,"My dog does the same thing, itâ€™s hilarious every time ğŸ˜‚"
277,"His performance was surprisingly good, didnâ€™t expect that!"
278,"Canâ€™t wait for the new season to drop, itâ€™s gonna be epic ğŸ™Œ"
279,"Those colors are so vibrant, absolutely gorgeous!"
280,"Wow, just when I thought my day was meh, this popped up! ğŸ˜‚"
281,"I canâ€™t believe you pulled that off, legendary move!"
282,"Omg, my roomba just did this, I'm screaming ğŸ˜‚"
283,This game is the ultimate stress-reliever after a long day.
284,"Canâ€™t believe they made it work, total power couple vibes! â¤ï¸"
285,Your cat is living the life I can only dream of ğŸ˜©
286,"That plot twist had my jaw on the floor, seriously!"
287,"Seeing this got me all nostalgic, great times! "
288,"The way he handled that was class, absolute seamlessness."
289,"This baked potato looks like a whole meal by itself, holy smokes! ğŸ¥”"
290,"Wow, that game had me on the edge of my seat! ğŸ¤¯"
291,"Pizza always hits different at 2 am, especially with extra cheese ğŸ•âœ¨"
292,"Your dog is absolutely adorable, what a cutie! ğŸ¶â¤ï¸"
293,"I'm crying, this show is so underrated. Why have I not watched this sooner?? ğŸ˜­"
294,"I honestly canâ€™t believe they pulled off that ending, what a twist!"
295,Iâ€™m obsessed with this playlist! ğŸ¶ Thanks for the awesome rec.
296,"Dude, that haircut looks fire! ğŸ”¥ Youâ€™re rocking it."
297,I just marathoned the entire seriesâ€”totally worth the sleep deprivation! ğŸ˜‚
298,Can we talk about how cute their friendship is? Goals. ğŸŒŸ
299,This conversation restored my faith in humanity for real. â¤ï¸
300,I canâ€™t believe how much I laughed at this ğŸ¤£
301,"Honestly, this post just made my entire day ğŸ™Œâœ¨"
302,"I wish I could upvote this a million times, so relatable!"
303,The fact that [NAME] never fails to amaze me is wild!
304,"This is exactly the content I signed up for, thank you ğŸ‰"
305,"Legit just teared up, this is so beautiful ğŸ˜­â¤ï¸"
306,This reminds me why I love this community so much ğŸ’•
307,"When you drop facts like this, perfection! ğŸ‘Œ"
308,"Literally cannot stop watching this, itâ€™s hilarious ğŸ˜‚"
309,"I never thought Iâ€™d find such wisdom here, wow ğŸ’¡"
310,"This movie was such a blast, canâ€™t believe itâ€™s underrated! ğŸ˜"
311,"Wow, [NAME]â€™s bake looked delicious, best episode yet!"
312,"LMAO, are people really buying into this wild theory? ğŸ¤£"
313,Sheâ€™s an actual legend â€” doing the most for everyone around her.
314,"That album dropped, and my soul ascended. ğŸ¶"
315,"Wish my cat was this cool, she just sleeps all day. ğŸ˜‚"
316,"Hiking there was magical, the view was breathtaking!"
317,This new game has me hooked; I love a good puzzle.
318,"Honestly, your energy is infectious, keep shining!"
319,[NAME] is totally rocking that outfit. Fashion goals! ğŸŒŸ
320,That episode had me crying like a baby ğŸ˜‚
321,"Honestly, pineapple does belong on pizza ğŸ•"
322,This thread is the reason I still have faith in humanity â¤ï¸
323,"Your pupper is too cute, I just can't even! ğŸ¶"
324,"I'm not saying you're right, but I agree ğŸ§"
325,That plot twist blew my mind! Who else saw that coming?
326,"I'm obsessed with this series, binge-watching all week ğŸ“º"
327,"Can't believe how much I laughed at this, thanks for making my day!"
328,"Your artwork is amazing, keep it up! ğŸ¨"
329,"Wow, that was actually way more wholesome than I expected â¤ï¸"
330,Biggest plot twist I've seen this week ğŸ˜‚
331,"Wow, I didn't know penguins could be that cute!"
332,"Honestly, with a hat like that, anything's possible. ğŸ˜"
333,She brought the energy for sure! Absolute legend.
334,I would've never thought of combining those two things. Genius! ğŸ™Œ
335,"Good lord, that song has been stuck in my head all day!"
336,When you realize your cat might actually be a secret genius. ğŸ¤”
337,This recipe is fire! Made my whole day. ğŸ”¥
338,Love how the internet just makes everything ten times better.
339,Chat GPT helping me ace my assignments like a boss! ğŸ˜
340,"This show is just a vibe, can't get enough of it!"
341,"Wow, if that's not a throwback, I don't know what is ğŸ˜‚"
342,"Honestly, the week has been a rollercoaster, but this made it better."
343,"A legendary moment in sports history, no doubt."
344,"I love her energy, always brings a smile to my face!"
345,"This idea sounds wild, I'm so down to try it!"
346,"Just when I thought my day couldn't get any better, I see this ğŸ˜‚"
347,"The color scheme is just fabulous, who would've thought?"
348,"I didn't know what to expect, but this really delivered!"
349,I might need to steal this for my weekend plans ğŸ”¥
350,Love this! Definitely putting it on my â€œmust tryâ€ list! ğŸ˜‹
351,Can we talk about how freaking adorable this is? Instant serotonin boost!
352,"Honestly thought this was a joke at first, but damn, it looks cool!"
353,"Iâ€™ve been playing for like 3 hours straight, and I still canâ€™t put it down! Addicteddddd ğŸ®"
354,Youâ€™re killing it with kindness. Keep on spreading those good vibes! ğŸŒŸ
355,"Haha, this made my day! Pure gold, thank you ğŸ”¥"
356,Your comment just became my new life motto. Love it ğŸ™Œ
357,"Every time I see posts like these, my faith in humanity gets a little boost."
358,Iâ€™m loving the positivity around here! Keep it coming ğŸ˜Š
359,"Not gonna lie, I aspire to have this level of creativity one day. Impressive!"
360,"Wow, can't believe I missed this episode! Who's got the best recap? ğŸ˜…"
361,How'd I not know about this?! Mind blown ğŸ¤¯
362,Absolutely iconic. The energy is palpable ğŸ”¥ğŸ‘
363,"OMG, this game is LIFE-CHANGING. Canâ€™t stop playing ğŸ˜ğŸ®"
364,That plot twist was wild! Iâ€™m still processing it ğŸ˜³
365,"Honestly, the best adventure duo ever ğŸ¾â¤ï¸"
366,"Respect for making this happen, seriously well done ğŸ’ªğŸ‘"
367,This is the content I live for! Instant sub ğŸ˜ƒâœ¨
368,Wholesome content like this is the reason I browse Reddit ğŸ˜Šâ¤ï¸
369,"Rolling on the floor laughing, this is golden ğŸ˜‚ğŸ§µ"
370,This is an absolute gem of a comment thread. Love it!
371,Such wholesome content! Need more of this positivity âœ¨
372,"You just made my day with this! Also, your username is hilarious ğŸ˜‚"
373,"Honestly can't stop laughing, great post mate!"
374,"A classic ""did you see that?!"" moment. Priceless."
375,This just made my coffee break so much better. Props to you!
376,"Finally, some quality content on my feed. Subbed for more!"
377,"Iâ€™m totally using this as my new mantra, thanks for the inspo ğŸŒŸ"
378,Every bit of this was beautiful. Thank you for sharing your talent.
379,I'm crying!! This is AMAZING â¤ï¸
380,"Whoa, this new patch is lit! Can't wait to dive in ğŸ¤˜"
381,"Lol, I can't believe that actually worked... Internet, you've done it again ğŸ˜‚"
382,Those tacos look bomb af! Whereâ€™s my invite? ğŸŒ®
383,"She's like a walking ray of sunshine, seriously goals ğŸ’–"
384,"The hype train for this movie is gaining speed, and I'm on board! ğŸš‚ğŸ¿"
385,"Haha, best typo ever! Made my day. Keep them coming! ğŸ˜‚"
386,Imagine if penguins could fly. It'd be a whole different world ğŸŒğŸ§
387,Are we just gonna ignore how adorable that pup is? ğŸ¶
388,"This is reddit gold, seriously classic stuff. Well done, OP! ğŸ¥‡"
389,"On a scale of ""meh"" to ""OMG"" this is a solid ""HELL YEAH!"""
390,"Thatâ€™s pure gold, OP ğŸ˜‚ğŸ˜‚"
391,What a journey from start to finish. Amazing!
392,"Gotta admit, this blew my mind. Learned something new today!"
393,His art style just keeps getting better and better. Love it!
394,That smile just made my day. So wholesome!
395,"Wow, Iâ€™ve never seen anything like this before. Truly unique!"
396,I love this community. Everyone's so supportive and awesome!
397,"Not what I was expecting, but it was hilarious. Well done!"
398,This is the positivity we all need right now. Brilliant!
399,Iâ€™m so glad I stumbled upon this. Made me laugh out loud!
400,"Honestly, just happy to see the team doing well this season. ğŸ‰"
401,This new update is fire ğŸ”¥ Canâ€™t wait to dive into it!
402,"Your outfit is on point, [NAME]. ğŸ”¥ğŸ”¥ğŸ”¥"
403,Can we appreciate how wholesome this sub is? ğŸ˜Š
404,"Just tried this coffee shop, and itâ€™s a game changer. â˜•ï¸ğŸ’¯"
405,"Love the vibe here, yâ€™all are awesome. Keep it up!"
406,"Damn, didnâ€™t expect to get emotional but here we are. â¤ï¸"
407,"Late to the party but better late than never, right? ğŸ˜…"
408,Feeling grateful for all the little things today. Stay positive!
409,[NAME] nailed it during that scene! ğŸ‘ Such talent!
410,"Man, these plot twists just keep me on my toes ğŸ˜²"
411,"The nostalgia hits hard, every time I hear that song! â¤"
412,Absolutely living for this! Canâ€™t wait to watch the next episode.
413,"Oh wow, thatâ€™s a pretty good TIL. Thanks for sharing, OP!"
414,"When she pulled that move, I was like damn, queen! ğŸ”¥"
415,Your cat is so cute I might just melt over here! ğŸ˜»
416,"Totally agree, those sunsets are simply magical. ğŸŒ…"
417,"Surprisingly, this actually tasted way better than it looked!"
418,What a rollercoaster of a day ğŸ˜‚
419,"Honestly, your post made my morning, so thank you for that! ğŸ˜Š"
420,That cat's expression is everything! ğŸ˜‚
421,I didn't know that about octopuses. Mind blown! 
422,Your setup looks so cozy and inviting! Love it! 
423,This is the wholesome content I needed today. Thank you!
424,"Honestly, I haven't stopped thinking about this episode all week."
425,I could eat a whole pizza that looks that good. ğŸ•
426,He absolutely nailed that solo! Pure talent. 
427,"That is some next-level synchronicity, wow! "
428,I can't even express how hilarious that was. ğŸ˜‚
429,This is the most relatable thing I've read all month.
430,"Oh man, that plot twist hit me right in the feels! ğŸ¢"
431,"This is epic! Can't wait to try it out, thanks for sharing!! ğŸ˜„"
432,"Your dog is an absolute unit, so fluffy and majestic! ğŸ˜"
433,"Never knew about this, mind blown! ğŸ¤¯ Definitely switching up my routine now."
434,"Dude, you made my day with this joke ğŸ˜‚ğŸ‘Œ"
435,"I totally agree with this, it's like common sense just went out the window ğŸ¤¦â€â™‚ï¸"
436,"That artwork is stunning, I'm totally vibing with it! ğŸ¨"
437,"Wow, you guys look so happy together! Much love! ğŸ’•"
438,"Iâ€™m up for this challenge, sounds like a blast! ğŸ˜"
439,I keep coming back to this comment because it's hilarious every time! ğŸ¤£
440,Just found out rhinos have thick skin... well duh ğŸ˜‚
441,Her style is killer! Definitely takes the crown ğŸ‘‘
442,"Holy heck, this mango smoothie is LIFE ğŸ¹âœ¨"
443,"Canâ€™t believe he wore crocs to the wedding... bold move, sir ğŸ¤£"
444,Guess who finally learned how to cook pasta without instructions? This guy! ğŸ
445,Is it just me or does anyone else feel like a potato today? ğŸ¥”
446,"Watched five episodes straight... help, I'm addicted now ğŸ˜‚"
447,"You make friendship look so effortless, itâ€™s beautiful ğŸ˜"
448,"Can confirm, pizza for breakfast is the ultimate power move ğŸ•"
449,"When in doubt, always add more cheese. You can never go wrong ğŸ§€"
450,"Wow this show just keeps getting better and better, who would've thought!"
451,"Lmfao, I wish I could give more than one upvote for this masterpiece! ğŸ˜‚"
452,"I'm seriously so proud of you, keep up the amazing work! ğŸ’ªâœ¨"
453,"This whole thread made my day, you guys are truly the best community."
454,"When you said that, I felt that. So real, so raw, and beautifully put. ğŸ™"
455,"That twist at the end was insane, I was not prepared for that at all!"
456,"Iâ€™ve learned more from scrolling through Reddit today than I did in school all week, lol."
457,"Yes, I'm free on Sunday; letâ€™s binge-watch this together! ğŸ‰"
458,"That sounds like a dream vacation, youâ€™ve earned it for sure!"
459,"Epic comeback story, my dude! Your journey is so inspiring! ğŸ‘"
460,That's incredible! I'm definitely saving this for later.
461,"OMG, just binge-watched this entire series and it was epic! ğŸ‰"
462,So proud of you for going to therapy. Mental health is super important. ğŸ’ª
463,"Wow, that twist at the end had my jaw on the floor. Totally unexpected."
464,Those cookies look delicious! Can you share the recipe? ğŸ˜‹
465,Can't believe how wholesome this community is. Love it here! â¤ï¸
466,I've been laughing at this GIF for the past 10 minutes. Classic internet gold! ğŸ˜‚
467,"Honestly, your writing style is phenomenal. Keep it up!"
468,Anyone else think this album is their best work yet? Been listening on repeat!
469,"Wow, this is such helpful advice. Thanks for sharing! ğŸ™"
470,"Thatâ€™s wild! I was skeptical at first but damn, it actually works! ğŸ˜„"
471,Honestly didnâ€™t think Iâ€™d love it but here we are ğŸ˜‚
472,"Your dog has such a cool vibe, seriously adorable ğŸ¤—"
473,"I wasnâ€™t ready for that plot twist, blew my mind! "
474,"Hope sheâ€™s doing better, sounded super rough ğŸ’”"
475,"This setup is goals, Iâ€™m drooling over those lights! ğŸŒŸ"
476,"Can't believe I missed this, what a legend!"
477,"Youâ€™re really out here changing the game, nice work! ğŸ™Œ"
478,"That last episode had me screaming, way too intense! ğŸ˜…"
479,"Yesss! Finally someone who gets it, you rock! ğŸ‘Œ"
480,"This cake looks amazing, almost too good to eat! ğŸ‚"
481,"I'm seriously hooked on this series, binged the whole thing in one go."
482,"This is adorable, would love to see more like this!"
483,"Wow, that game last night was an absolute thriller! ğŸ”¥"
484,"I didnâ€™t know I needed this info until now, thanks for sharing!"
485,"Thatâ€™s really impressive, how did you even manage to do that? ğŸ˜²"
486,"This dog has more personality than most people I know, what a legend."
487,"I'm going to try this recipe right now, looks delicious! ğŸ"
488,"Her smile could brighten anyone's day, so genuine."
489,"The comments section here is pure gold, loving the vibe!"
490,"Wow, that plot twist was WILD! Didn't see it coming at all! ğŸ˜±"
491,"Your dog looks like he belongs in a Disney movie, so friggin' cute! ğŸ¶âœ¨"
492,"I literally LOL'd at your comment, you made my day ğŸ˜‚"
493,"Super excited for the upcoming season, they've got a killer lineup! ğŸŒŸ"
494,"Just binged the whole series, and I'm officially obsessed. Send help! ğŸ˜…"
495,"Dude, your post gave me serious nostalgia vibes. Miss those good old days! ğŸ®"
496,"Your cooking skills are GOALS, for real. What's the recipe? ğŸœ"
497,"Can't believe [NAME] pulled off that move, absolute legend! âš½ï¸ğŸ”¥"
498,"I'm no expert, but that sounds like a solid plan to me! ğŸ™Œ"
499,"Ugh, I just wanna hug that kitten through my screen. Too adorable! ğŸ±ğŸ’–"
