match_id,player_name,player_chat,action
26872,zua halucynka.,ty,PROSOCIAL
24083,cnywad,ggwp,PROSOCIAL
22039,Sol'ka,sry. ggwp,PROSOCIAL
48157,Arnold Twerkzenegger,ggwp,PROSOCIAL
39370,Denis♡,imba. no no no. not ez. gg. hard line wisp and husk. nice,PROSOCIAL
27413,baKKhus,gg,PROSOCIAL
23845,Zyhm,gg,PROSOCIAL
23756,Bewbarmak,gg,PROSOCIAL
49930,Cptn.Canuck,ggwp,PROSOCIAL
674,avskz,gg. push it in bebe,PROSOCIAL
43827,GOKIL,?. Gg,PROSOCIAL
37657,nightfury,GG. haha,PROSOCIAL
32120,GG.MADAfaka,ty,PROSOCIAL
22787,dondo,gg,PROSOCIAL
47043,Slain,gg. gg,PROSOCIAL
49640,Mary Jane,thank you?. gg,PROSOCIAL
18103,Shizat,gg,PROSOCIAL
2071,@Sufocante,WP. GG,PROSOCIAL
7377,A.SY8,:). ). wp. gl next,PROSOCIAL
10115,Honey^,gg,PROSOCIAL
4349,巨型鸡巴,gg wp,PROSOCIAL
35655,Pudge the Cat,ggwp,PROSOCIAL
6982,Hans Moleman,gg,PROSOCIAL
33002,DoucheBag,gg,PROSOCIAL
24847,Topherclay,gg,PROSOCIAL
2539,Clouds,gg,PROSOCIAL
24542,RusY,wp. wp. wp,PROSOCIAL
19113,21,ty. g. come to me. imn waiting. haha. sure. haha. kidding me. suggest u get divine. if not damage not enough. of course. like u. thanks bro. my pleasure playing with u. die in pride. sure. im your happiness,PROSOCIAL
22693,King Obu Curry,gg,PROSOCIAL
49858,ragdoll physics,COOL. g wp. gg,PROSOCIAL
25364,Menke,ggwp,PROSOCIAL
16482,Hephaestus,gg wp. gg,PROSOCIAL
44897,Mr. Lind,GL HF. =). 1min. Lagging like fuck. thx. for waiting a while. gg. gg wp. GL HF,PROSOCIAL
20327,Alexis,gg,PROSOCIAL
45615,J@( I<Ass,gg ,PROSOCIAL
45891,1st,gg,PROSOCIAL
30441,Don Guty,GG tempalr hi zo . comend templar,PROSOCIAL
7899,Like Paper,gg,PROSOCIAL
20103,Mo,XDDD. xD. wp,PROSOCIAL
16837,Grude,rs. nice. ggwp,PROSOCIAL
4099,Pakuro,gg wp,PROSOCIAL
2457,Dark_matter,lol. lol. ggwp,PROSOCIAL
11209,thegh0st,gg wp,PROSOCIAL
7201,Jackrabbit,haha. n1. good job. 5 on 1. gg,PROSOCIAL
44044,DayN,good game,PROSOCIAL
41227,HiDieBie,EX DAAAAAY. He is optomistic.. 1k gold. Gz tiny. ggwp,PROSOCIAL
20734,"Hi, Can I have mossarella stick",congrats on being the only am ive seen in this bracket who has a brain. give me divine . kappa. 2k gold. wawo. ggwp,PROSOCIAL
42926,Alex Bryan,thanks!. gg,PROSOCIAL
33742,MiroHD,very ez tiny. gg wp,PROSOCIAL
20139,Muzzle_tuff,atleast you gave it back :),PROSOCIAL
31047,Heru,gg wp,PROSOCIAL
2873,RIPSong,ggwp,PROSOCIAL
20678,Ticka,ggwp,PROSOCIAL
6438,Khankills,ty,PROSOCIAL
41481,Morrow,Gg,PROSOCIAL
8518,GVD.khongconloi,gg :3,PROSOCIAL
5659,monxley,thx,PROSOCIAL
35235,Ayaaa. 420,GG. PRO CARRY. HAHAHAHA. WP,PROSOCIAL
32055,Tuvao,?. srsly. lol. gg wp,PROSOCIAL
12284,DeathCloud,np. good plays. i just wanted to grab an item. ty,PROSOCIAL
26287,KoDЯ,gg,PROSOCIAL
17118,..mags,Grats,PROSOCIAL
7052,L*,GG,PROSOCIAL
24618,NOICE,gg wp,PROSOCIAL
10771,~™DäGöN~™,gg,PROSOCIAL
23488,Hox,ggwp.,PROSOCIAL
47073,KamikazeInc,gg,PROSOCIAL
19682,own,lol. ty sniper. i just need 40 min more of farm,PROSOCIAL
24521,Rajaion,thanks for wall :). dat bkb. gg wp. wp wr and pa,PROSOCIAL
41303,Nodify^,Gg wp,PROSOCIAL
31713,sup4u,gg,PROSOCIAL
19410,KorTaiR,gg,PROSOCIAL
34377,nesle,sorry ,PROSOCIAL
12100,Penetrator,"dolgo ewe?. how long should we wait>?. D. good game, well played",PROSOCIAL
4994,sdf2988,gg wp,PROSOCIAL
1915,Hyperdimensional_ZY,ggwp,PROSOCIAL
29248,Zundance,KappaRoss. gg,PROSOCIAL
9961,- Monkey D. Luffy -,gg,PROSOCIAL
27557,Sleep is the Cousin of Death,GG,PROSOCIAL
5538,ADOLPHIN,gg,PROSOCIAL
25479,sokol insane!,wp,PROSOCIAL
40524,Lingo,gg. gg,PROSOCIAL
48426,Aradia,gg,PROSOCIAL
42053,MadKane,good job. gg,PROSOCIAL
21850,Mystification,GG,PROSOCIAL
33258,MaSheD,sorry :/. ty xD. glgl hfhf. lol. those crits dude :v. jungle :3. carry's life . lol. gege,PROSOCIAL
41657,Jurango,ggwp,PROSOCIAL
12918,Carl,lol optimist. bam. wp lich rofl lmao. zEUS ULT. gg. hehe wupe. what a nice game of dota 2. and have a good smoke,PROSOCIAL
33802,MarlBoroRed,gg wp,PROSOCIAL
15772,MiC,wp,PROSOCIAL
13453,CRV,yes. dont give up . dont give up. puck just a rune. w. finnally. next time i get hearth guys. see how . fun game. ty guys,PROSOCIAL
17176,1314,we got u. who can kill him?,PROSOCIAL
15668,Sir DikBut of Oxford,gg. gg. gg. commend,PROSOCIAL
4860,Raistlin,gg,PROSOCIAL
1465,Rap,gg,PROSOCIAL
13659,@ParadiseDota #Free Will,STYLE POINTS. GG,PROSOCIAL
3127,L[A]Naya,GLHF. gege,PROSOCIAL
37431,Shasam,GG WP,PROSOCIAL
41432,[DR] Potato Salad,gg,PROSOCIAL
1694,AdzL,whahahaha. ty invoke,PROSOCIAL
5178,Gannicus,ez game for u guys. wp. yeyeyeyeyeyeyeyeyeyyeye,PROSOCIAL
9419,Gibbz,haha. Ez runes . lol. COMMEND IO. ty,PROSOCIAL
34580,aWoL,GG,PROSOCIAL
17216,R.I.E.Eheroduelist,wp LC,PROSOCIAL
40243,SKANK,gg,PROSOCIAL
34855,кілер 47,gg hehehe,PROSOCIAL
2148,...,ty. died. gg,PROSOCIAL
693,Zaine,Good game.,PROSOCIAL
15025,Latch,sec plz. gg wp,PROSOCIAL
27864,Muumimamma,gg,PROSOCIAL
17762,Rin,gg,PROSOCIAL
18313,Ice On The Dune,gg wp,PROSOCIAL
4752,sleeping at,gg,PROSOCIAL
2035,Muffinator,gg,PROSOCIAL
40384,Howie,Gg wp,PROSOCIAL
40324,[WHH] - Turambar,gg,PROSOCIAL
20733,twitch.tv/a1exxx779,gg,PROSOCIAL
34146,in the name of Justice,GG,PROSOCIAL
2619,Witout 4,gg. ;D,PROSOCIAL
25411,Moonl[!]ght,gg wp,PROSOCIAL
43272,sleep blue,gg wp,PROSOCIAL
36227,Shuber,GGWP,PROSOCIAL
6991,C.C.,rec. come back soon. wp,PROSOCIAL
13611,NinjasLikesRice,"good luck having fun ;). The names Dong, James Dong.. The names Dong, James Dong.. ez mid. pick alche more pls <3. Nice blink lion. gg ",PROSOCIAL
16270,lSplesh,gg wp,PROSOCIAL
28432,Izanami,ggwp,PROSOCIAL
38241,Qi,gg,PROSOCIAL
32764,Jin Kazama,GG,PROSOCIAL
39439,Kemy,gg wp,PROSOCIAL
15930,Maldito's.Touch,ggwp,PROSOCIAL
42839,Dictionaries,1 spin. .... im loving this support syro. gg,PROSOCIAL
15580,El Seductor Victore ♥,Xd. LOL. looooooooooooooooooooooooool. gg. ty,PROSOCIAL
25617,Mck,great chrono :D. WOAH. pause?. gg. come,PROSOCIAL
48646,~Turboculosis~,it's only game. why you heff to be mad. eg vs sfz?. we be sfz?. 4 hour game. sfz won with one rax. ggwp. nice game brood,PROSOCIAL
11317,Daaaave,gg wp,PROSOCIAL
4492,iMiC4,wp slark,PROSOCIAL
38147,[VEFI] Eldereth,ty for waiting. gg wp,PROSOCIAL
3257,Naga.Ankhode,gg wp,PROSOCIAL
20216,pegnoly,nice bkb alch,PROSOCIAL
31834,Ｅ ｎｙｏ,fun game,PROSOCIAL
19368,Figleaf,so did you time my aegis perfectly. or was it luck. gg,PROSOCIAL
3747,B.K<3,gg. gg,PROSOCIAL
31188,[JTŽM]-JoVan,xD. gg,PROSOCIAL
5190,Harbinger,gg wp,PROSOCIAL
24650,AlCapwnage,gg,PROSOCIAL
19325,DPS,GG,PROSOCIAL
49475,Give,ggwp. ggwp,PROSOCIAL
79,Sad-Clown-Rosario,zato rubika ubili. ty. gg wp,PROSOCIAL
25705,IgOtMYstYleTOplayUdonCare,gg,PROSOCIAL
36901,◢IR◣™ Bruce Wayne,ty. sry. gg,PROSOCIAL
23068,@dedi_ScondreL,gg,PROSOCIAL
14297,JDub Panda,gg,PROSOCIAL
1216,梅英国,ty,PROSOCIAL
45985,SunDream,LOL. gg,PROSOCIAL
39771,Beetlebum,we got the runes jokes on u. XD. lag thing. ?. it appears our axe player tilted. my screen is a bit fucked atm. i will brb. TYVM. all g now. GG lads,PROSOCIAL
40102,TamilTiger,ty. gg wp,PROSOCIAL
12837,wenzi_laoshu,gg,PROSOCIAL
19128,Wii,GG,PROSOCIAL
26127,LiveStrong,wp tusk. GEGE,PROSOCIAL
45347,111,gg wp,PROSOCIAL
4513,Mack,gg,PROSOCIAL
10646,WEE WILKINS WILLIAM,gg wp,PROSOCIAL
47166,SouL,NICELA. ggwp,PROSOCIAL
6753,KillSteal,wp all :). gg,PROSOCIAL
7266,silverflake,lol. gg,PROSOCIAL
23851,Slick_Reverse,?. </3. gg. 0 death clinx. nice comeback. arcana creeps. :3,PROSOCIAL
4421,MagicQuesadilla,gg,PROSOCIAL
32159,will,gg wp,PROSOCIAL
17325,SOUL,commend sf,PROSOCIAL
40162,ramanujans,jhahaha. ggwp,PROSOCIAL
26713,MorT,gg wp,PROSOCIAL
47466,Narco`Gurman ™,i love that . qop. GG,PROSOCIAL
24822,"Quizo decir, Pitos negros?",GG WP,PROSOCIAL
19255,gateway // Mid ou off pls,thx,PROSOCIAL
30816,-MNK- TOBDZIJA,GG,PROSOCIAL
195,Fnatic.Mushi,Gg,PROSOCIAL
24548,SupaDupaMan,1 afk. good try. got me scared there for a sec. gg,PROSOCIAL
1331,Xephon,gg,PROSOCIAL
4354,NICE TRADE *{*,nice team party,PROSOCIAL
13248,@香蕉,v:. nice,PROSOCIAL
35520,Deizk,gg,PROSOCIAL
34745,Mr.Frodo,gg,PROSOCIAL
26318,Lodas the Warehouse.MAN,gg wp. wp,PROSOCIAL
42887,Homeopathy,lucky dog. GG,PROSOCIAL
33200,Niexm,glhf,PROSOCIAL
32568,PEBCAK,space created. pro plays. lmao the golem. gg wp,PROSOCIAL
347,14,gg wp,PROSOCIAL
48002,BigApeHunter,?. gg. gg,PROSOCIAL
15906,LastShot,gg wp. es for lina,PROSOCIAL
1503,@@#$%^&*!?Ey!!? v.2,hasha. dont mind him . :D. sec. GG. GGWP,PROSOCIAL
45365,Vi Veri Veniversum Vici,Wp-,PROSOCIAL
16889,SirDave,gg,PROSOCIAL
14491,injusto,ggwp. ggwp,PROSOCIAL
7658,beafree<3,GG,PROSOCIAL
15114,Tug Machoad,gg,PROSOCIAL
47271,JMT,gg wp,PROSOCIAL
7261,Bahamut,hey bounty. nice set. gg wp,PROSOCIAL
26115,Syn`Z,ty,PROSOCIAL
40052,Silice,ggwp,PROSOCIAL
27444,無奈中路， 勝利難求,Gg,PROSOCIAL
27542,Pahoehoe,gg,PROSOCIAL
12470,JumBitre,gl hf. gg,PROSOCIAL
16736,Zahi,gg,PROSOCIAL
9994,-| RompeLus |-,gg,PROSOCIAL
40991,specialz,gg,PROSOCIAL
10874,JAY,:). wp,PROSOCIAL
9293,general-nasty,"logging in now, thx. k. gg wp",PROSOCIAL
49826,the force is strong in my famil,sorry. being serious. gg wp. wp,PROSOCIAL
11925,Qwazm,gg,PROSOCIAL
23101,Scadi doesn't know,gg,PROSOCIAL
15249,Cc_,gg wp ,PROSOCIAL
24577,TROG,gg,PROSOCIAL
23814,FriedMuffin,gg,PROSOCIAL
34455,Malicious Clay Pigeon,thx. thx again. My main's at 8000 MMR. kek. gj,PROSOCIAL
23,so fucking bad,gg,PROSOCIAL
5171,WiLLiE,gg,PROSOCIAL
32952,Coxe..Ez-.-,gg,PROSOCIAL
6404,Redrum,ggwp,PROSOCIAL
22760,Sweet TittyMo,gg,PROSOCIAL
2393,Ol' Dirty Bastard,a humble pudge. never seen that before. no. notlikethis. damn you to hell pudge. i'll have the tower you watch. its mine. rpoflmao. round 2. what was that. mortal kombat?. sick reference bro. i died inside long time ago. oh god. centaurs on fire. noooooooooo. im doing stuff. i think. centaurs memeing is killing. me. ho boy. send the courier out. i dare you. send the damn courier you. SEND THE COURIER. no#. no. YES. i died a happy man. thanks for the laughs. i had fun. wp ,PROSOCIAL
43776,HMG_umka,gghf,PROSOCIAL
25455,ghost,ty. gl hf,PROSOCIAL
7630,Sant /s/,GG WP,PROSOCIAL
3533,HOKAGE KAKASHI.DreaM_S #WINGBOY,ggwp,PROSOCIAL
28692,Kuma,gg,PROSOCIAL
27874,ALWAYSCARRYTP,?. ggwp gl next!,PROSOCIAL
322,The One,GEGE. WP,PROSOCIAL
16976,morn,gg,PROSOCIAL
16357,P9Ti4,gg,PROSOCIAL
13341,Dark Demon,lol. gg,PROSOCIAL
49947,Zombz,LOL. gg. gg. =D,PROSOCIAL
34161,Sir.Riatachu,gg,PROSOCIAL
19401,caresame,where are u from? . tusk nice save sven on bottom. i like it. gg. how. how we won? ,PROSOCIAL
20107,smzz,gg,PROSOCIAL
37866,Mosegrodd,gg,PROSOCIAL
22281,Scarlieve,3-2 wanna say something?. nope. :). gg,PROSOCIAL
15717,Foxcast,gg,PROSOCIAL
48763,Punch Line,?. gg wp,PROSOCIAL
22173,UselessLuke,gg,PROSOCIAL
47079,GysihatdieAntwort,gg wp,PROSOCIAL
6638,stunvoodootakboo,gg,PROSOCIAL
4450,Jeje,gg,PROSOCIAL
27265,manbearpig,GG,PROSOCIAL
38216,Все Заебали,wp. gg. lol,PROSOCIAL
22375,It's not your fault,what seems to be the problem gentlemen. gg,PROSOCIAL
23486,BottomFeeder,gg,PROSOCIAL
300,Fiddler,ggwp,PROSOCIAL
8783,You when?,GG,PROSOCIAL
3075,RhythM,gg,PROSOCIAL
5505,Buster,gg,PROSOCIAL
41608,Jagar,"i bate sometimes too, its natural. gg",PROSOCIAL
9667,fyrezx,wp es. eco. ggwp. close game. wp pl,PROSOCIAL
1976,8ropavE,gg wp,PROSOCIAL
48835,@JayKlaz,ds good game tho,PROSOCIAL
20982,DeSIGn,lol. lol u spined to fast~~. gg. gg,PROSOCIAL
22366,Мотылёк,ggwp,PROSOCIAL
30273,™҉ЅmєєLєуツ ✟,ty terror. xD,PROSOCIAL
6307,ツ,thx. gg,PROSOCIAL
37797,Mojo-Jojo,gg,PROSOCIAL
16630,PUSSICAT,wp . gg wp,PROSOCIAL
49182,Guppy,gg,PROSOCIAL
47579,Fizus [FR],why so much anger...?. gg wp,PROSOCIAL
33608,Clods,pro team. gg wp. best team,PROSOCIAL
19296,Derpasaurus,U S A . ?. GOOD GAME,PROSOCIAL
46042,Cm0tyn <ckr>,gg,PROSOCIAL
26162,[ANG]102',GG,PROSOCIAL
42167,CherNobyL,ty. lol,PROSOCIAL
45675,The Only God,g.g,PROSOCIAL
22374,四拳,ty,PROSOCIAL
6549,Dulliest,gg,PROSOCIAL
31755,BRAH,gg,PROSOCIAL
49281,Crasken,Gg,PROSOCIAL
20924,Rich Homie Dandy,gg,PROSOCIAL
46674,Myst,ggwp,PROSOCIAL
37960,The Huff,gg,PROSOCIAL
5204,TINY RICK,gg clinz,PROSOCIAL
7302,Big Kev (Jezz),soz my computer decided to commit sudoku. gg. ggwp,PROSOCIAL
13534,BamAlter,^^. gg. ty sven,PROSOCIAL
35370,Da'reje,gg,PROSOCIAL
45850,nutrendo,GG. NICE. GAME,PROSOCIAL
6090,yolobear,gg boys,PROSOCIAL
30623,sassonelvigneto@stocazzo.com,gg wp,PROSOCIAL
40668,Alfred Pennyworth,gg,PROSOCIAL
7809,I have beef with Vegans,gg,PROSOCIAL
43545,ZHN,gg wp,PROSOCIAL
11323,Graendal,gg,PROSOCIAL
29178,†RaFa3L†,gg,PROSOCIAL
13501,ALWAYSWANNADIE,wp,PROSOCIAL
14020,"<font color=""#F546D5"">霸王-Re",GG,PROSOCIAL
27386,[_G-W_]Habitor,why?. gg wp,PROSOCIAL
1393,Alucard,nice ember. deny pls. ty,PROSOCIAL
18819,░ B A™A N ░,hahaha. GG :D. Weeee,PROSOCIAL
15123,LEGOS,gg,PROSOCIAL
16063,`xiE,ggwp,PROSOCIAL
28066,SamuraiApocalypse,gg,PROSOCIAL
7622,Rad Chad. ♥,:3. ggwp! :),PROSOCIAL
23078,Yoruichi Shih?in,gl hf. Gg wp,PROSOCIAL
29811,Marapolykazubrisemeno,gl hf,PROSOCIAL
49237,ReCoVeRy,dont aim me. Sorry gyro. you are good,PROSOCIAL
24351,Nintendo [+ -- ..],nice push luna. out pikced,PROSOCIAL
9796,Bob Ross the raccoon overlord,gg wp,PROSOCIAL
34021,Chadwick Paddy,gg,PROSOCIAL
28291,RETARDS EVERYWHERE,gg,PROSOCIAL
16734,HorizoN...[C]haiNs,GG,PROSOCIAL
13827,accub,ez. nice play pugna,PROSOCIAL
31076,ThaddeusV,you lovely people. i'll post you some greggs vouchers. Break for a quick sausage roll?. Were just having some pasties. sec,PROSOCIAL
37084,[A]dmiral Bullshit,gg,PROSOCIAL
26366,Zupp,gg,PROSOCIAL
47437,Saint,buyback if needed?. gg,PROSOCIAL
49537,Prime,gg wp,PROSOCIAL
28472,js,gg,PROSOCIAL
21218,Pikachu!Pika Pika!,nice necro control. ;),PROSOCIAL
5887,mediocrechicken,gg,PROSOCIAL
16896,Pommes_Peter,gg,PROSOCIAL
26565,hmm,??. ty,PROSOCIAL
16128,Lil Koli,gg wp,PROSOCIAL
44720,Varies,@@. ggwp,PROSOCIAL
42183,Rocketeer,gg. haha,PROSOCIAL
35298,Just4ReSpeCt,gg,PROSOCIAL
15008,Miracle  Θ  ♥♥,dagan. hahahahah. gg wp. hahahahaha. gg . nc game . hahaha,PROSOCIAL
47749,eddd,:). Wp,PROSOCIAL
5347,DJ,gg wp,PROSOCIAL
14375,☁ph☼tic.ºⁿε☁,gg,PROSOCIAL
14943,Diamonds Dancing,gg,PROSOCIAL
46655,Shiawase,:o. gg,PROSOCIAL
15492,lord.ary,gg. thx. sorry,PROSOCIAL
18727,BAZZINGA,LARMA. KARMA. gg wp,PROSOCIAL
29706,ProNoob,gg,PROSOCIAL
28075,RPB_aka_RIPBoy,TY WR. :D,PROSOCIAL
31316,12467,gg,PROSOCIAL
49079,Proto,ggwp,PROSOCIAL
32470,panick,ty. gg,PROSOCIAL
10395,Noobwig van Fickhoven,gg,PROSOCIAL
19933,[BoT] S1lv3r4ng3l #PLAISIR,gg,PROSOCIAL
38999,[GOS] MD2,WP,PROSOCIAL
42979,#BIG D,'ggwp,PROSOCIAL
28907,Dracule Mihawk,GG. wp,PROSOCIAL
16452,_dQrkSaunD_Musti_,gg,PROSOCIAL
47640,@HISOKA@,lol. gg,PROSOCIAL
17950,Kaltfront,g. g,PROSOCIAL
14850,U_U...Hannibal,gg,PROSOCIAL
6785,tEMPORIS,gg wp,PROSOCIAL
13318,Tomahawk,gg,PROSOCIAL
15060,Akashi Seijuro,gg,PROSOCIAL
18582,[AFGO]Smitty werben #1,easy duel. team game. gg,PROSOCIAL
7899,Like Paper,gg,PROSOCIAL
7682,itsokmydadisrich,GOT EM!. get that game tightened up. gg wp,PROSOCIAL
45703,DIOrandal,gg wp,PROSOCIAL
47671,[Mr.] BurNing Shlt,THIS IS SPARTA!!. GGWP,PROSOCIAL
29049,GetOnMyLvl,?. no pause for noob combo. but sf. but np. we will win this. thx for 4 stack,PROSOCIAL
38479,zakerman,gg,PROSOCIAL
36107,PipL,gg wp,PROSOCIAL
11839,Chadler,KappaRoss. :(. ggwp,PROSOCIAL
17913,weTTowel,cheers. mvp radiant,PROSOCIAL
36913,Hatred,gg,PROSOCIAL
43392,Lod[A]©opter,ggwp,PROSOCIAL
40889,syfer[1s],gg,PROSOCIAL
33670,JustUs,rude. zz. oo. LMAO. WHAT A GAME. WP BOYS. FUN AS FUCK,PROSOCIAL
6201,BeeSeaBee,best aa. gg,PROSOCIAL
44837,Truth4Eternity,.. rosh. can we get a courioer kill plz. part of my challenge. ty coming. Sec. yeawh. coming. ill come near fountain. im in ur base. buy annother one now. send it out?. }aww all g. gg wp. thanks for trying. lmao. they just mad. s'all g. lol,PROSOCIAL
24041,MXTENG,ggwp,PROSOCIAL
21928,cube,hahga. gg wp,PROSOCIAL
42850,maine,GGWP,PROSOCIAL
44946,IL BUONO,gg ,PROSOCIAL
8176,Birdy,gg,PROSOCIAL
1145,HueJ,gg. gg,PROSOCIAL
1613,herkiii,gg,PROSOCIAL
7153,Descent,gg,PROSOCIAL
22382,Guccii.Kyoko,gg. Gg,PROSOCIAL
49732,Quick Beard, I assumed that you were just kidding right. ggwp guys. ggwp guys,PROSOCIAL
22580,^^ SplashDocil ^^,NICE TEAM . GG,PROSOCIAL
28348,BFC,Predictions wins wkwkwk. GG,PROSOCIAL
19375,SharpShooter,TY. gg wp,PROSOCIAL
20325,Crystal Iron Maiden,gg,PROSOCIAL
45212,JAKEN,gg PL. 1-12 carry,PROSOCIAL
26826,:E ! FuX,GJ!,PROSOCIAL
15916,WHYSONINJA,GG TINY. Tiny. GG,PROSOCIAL
18501,Orioli,gl. gg,PROSOCIAL
37545,[OoO] avahiimme,gg,PROSOCIAL
43523,kld,LAWL. commend necro. best necroever,PROSOCIAL
42749,Crispy Bacon,gl hf. sadface. we can't see that >.<. there we go. ty. stun doesnt cancel skewer?. mah bad. aaand the counterrampage. ?. kk. if you can wait 50 secs ill activate. no prob mate. legion >.<. ok there we go. 7 secs. wat. xD. ARE YOUS ERIOUS. xD. rofl. gg wp,PROSOCIAL
6585,¨First.[D]uck¨,okeyy. gg. gg,PROSOCIAL
29958,FE_NTR,gg,PROSOCIAL
19699,Johan,wp wp,PROSOCIAL
30774,Jaegs,I see u!. gg,PROSOCIAL
5844,twitch.tv/OxiChampion,gg,PROSOCIAL
24759,http://www.twitch.tv/captain_17,:D. gg,PROSOCIAL
14841,3k solo mmr at last!!,GG. lol,PROSOCIAL
39123,KekMeister,gg,PROSOCIAL
23558,Iron,XD. gg wp,PROSOCIAL
8194,AAron,ggwp,PROSOCIAL
30907,Vatty,gg wp ,PROSOCIAL
21108,Utochka,gg,PROSOCIAL
32466,Stenia Stalker,gg wp,PROSOCIAL
32224,tyessen,gg,PROSOCIAL
42273,U-NA,ggwp. :). wp spirit. lel. gg,PROSOCIAL
47195,Yafagaki,gg,PROSOCIAL
13298,Shac,ty for game. Ty bro. twam hate me). team. all game. bay bay. ty xD,PROSOCIAL
48637,Panda Warrior,GGWP,PROSOCIAL
15952,Squishy,ggwp,PROSOCIAL
38948,.愛.,YOU MINE <3,PROSOCIAL
25617,Mck,great chrono :D. WOAH. pause?. gg. come,PROSOCIAL
41208,iMbALaNcEd,commend disruptor!,PROSOCIAL
6872,水上飘,gg. end. gg,PROSOCIAL
14848,Sh4dow.BantikBoy,gg. ty,PROSOCIAL
5853,pheonix,ty,PROSOCIAL
37248,WenQis,gg,PROSOCIAL
6321,HOODBOSS.BiRDMAN,sry. just a lil slarklet. gg. yeah u guys played well. but we had a stronger team imo,PROSOCIAL
30071,phophophopho,gg,PROSOCIAL
42786,Hengyu,game won't count. slark is online. on steam. you guys need to fix your internet before going ranked man. dota is super low-end. split push more. split push more . you all. crazy. karma. unpause somemore. great game . actually. game winning hook. on wr. gg. ty all that was fun,PROSOCIAL
12590,Blaexys,gg wp,PROSOCIAL
16611,OoOAngryOoOo,gg,PROSOCIAL
37803,JigSaW,GG. GG WO. WP,PROSOCIAL
49255,irwn,gg wp ,PROSOCIAL
3272,BurdeNing,GG. GG. GG,PROSOCIAL
47251,Dustfinger,gg nomas. gg,PROSOCIAL
41867,J053TH,lol. w8 pls. o:O!. :O. tell me more. ty. :D. peruvian tiny ;9. commend peruvian tiny ;),PROSOCIAL
31492,14,Gg,PROSOCIAL
37544,[AFGO]MalayLay,1 sec pls . ty. gg wp,PROSOCIAL
12518,Dr. Manhattan,gg,PROSOCIAL
30571,s_finderup,wp. gg,PROSOCIAL
13549,Sashiburidana,gg,PROSOCIAL
7781,Pooter,that imba bola shot. gg,PROSOCIAL
48064,Captain Fuckwizit,gg,PROSOCIAL
47114,DvN,not sure. gg. well played,PROSOCIAL
29562,marsh242,gg,PROSOCIAL
27737,A[r]TY,gg,PROSOCIAL
10251,Beerus,ggwp,PROSOCIAL
21927,Kzx,gg,PROSOCIAL
48984,Xtians,e.e. nice pause. ggwp,PROSOCIAL
16383,ATHL#KAMIKAZE,gg,PROSOCIAL
11375,MDMA64,gg,PROSOCIAL
47071,「Kushi」,ggwp,PROSOCIAL
8137,Fat Kid Inside,GGWP. Hahahahaha,PROSOCIAL
20576,Dragnipur,gg wp,PROSOCIAL
3838,Ramelteon,gg,PROSOCIAL
34178,OfAll,gg wp,PROSOCIAL
5607,UPDATUS,GG Wp Commend if u want,PROSOCIAL
1026,barelyrobot,reborn. Ty. lol. :d. gj. ww,PROSOCIAL
40740,"<font face=""impact"">CMEX",GG,PROSOCIAL
4385,"Harvey ""Harvey"" Harvey",gg wp,PROSOCIAL
43185,ROS.bushido.武士道,and sonneiko. nice end. brave defence. rape train. ty,PROSOCIAL
38317,Resistance is Futile,gg,PROSOCIAL
37718,full.metal.dog,gg. gg,PROSOCIAL
6520,What?,gl hf. sorry lag. go. gg wp,PROSOCIAL
28714,Afroninja,gg wp,PROSOCIAL
37084,adi,gg wp,PROSOCIAL
41257,Okachobie - TLG,gg wp y'all. TRILANES LOSE GMAES. TLG,PROSOCIAL
9975,-.-! black,gg ,PROSOCIAL
18058,s33,gg,PROSOCIAL
5815,Tiny Rick,pudge and lich at hill. beware hooks,PROSOCIAL
35327,AlphaKaizer,gg,PROSOCIAL
1141,Standing.Wings,ggwp. Gg,PROSOCIAL
28344,Tupsi,gg,PROSOCIAL
11082,Douches Wild,?. wp. acrtually wp. good game lol. gg,PROSOCIAL
20788,Marik,"wp, thanks for the match",PROSOCIAL
32820,Шалость удалась,gl,PROSOCIAL
13356,Meek Mill,LOL. gg,PROSOCIAL
554,ROTK | PRACTICE,ggwp,PROSOCIAL
35832,SoRoS,gg wp. come back is real,PROSOCIAL
16349,gman,gg. gg. wp. gg. :OPL:. LOL. 1st hit bash :D. gg. gg. gg. ww would've won this game :). last pick cm,PROSOCIAL
22543,ItsGoodtobeKing,why. let him learn. commending this bara. commended. this necro is being commended by me. Admit we pro. Very pro game,PROSOCIAL
1244,H@ll'Of'Me@t^,GLGL. hahaha. Good Game Well Played!,PROSOCIAL
28239,Afro Horse,":D. lol medusa, you counter me so hard. gg",PROSOCIAL
40907,qruntingsquid,gg. and good pick am. learn how to play him,PROSOCIAL
18435,JimmeRes,gg wp,PROSOCIAL
27026,Man on Fire,gg,PROSOCIAL
25755,Elliphas,nice hook. gg wp,PROSOCIAL
29323,Choons,gg wp,PROSOCIAL
43516,KinG`,gg,PROSOCIAL
7188,rabble rabble rabble,gg. thx,PROSOCIAL
30690,sabacka,gg,PROSOCIAL
38299,•Ðark—Jona•,GG,PROSOCIAL
22621,McSaver™,i dont mind losing,PROSOCIAL
17364,n01ch,gg,PROSOCIAL
34609,Lamjeff,ty axe for 25 points. ex points. ty bh and axe,PROSOCIAL
8278,Frisbeee,gg wp,PROSOCIAL
16183,Dealon,hf,PROSOCIAL
5023,Vanu,gg wp,PROSOCIAL
33985,Squall-$oUl3DbYpGm,gg wp,PROSOCIAL
19298,One Punch Man,gg,PROSOCIAL
32779,CHUNKY PEANUT BUTTER LUBE,lol. gg. gg,PROSOCIAL
6919,OD.Thunder Stick,ggwp,PROSOCIAL
2934,Ohyeahbaby,gg,PROSOCIAL
47706,Clouds,GG. GG,PROSOCIAL
15449,b0y_v1p_hn_93,gg,PROSOCIAL
21923,St_Dantist,gg,PROSOCIAL
28681,Vrhelle,gg ,PROSOCIAL
8069,TheLegend[DHS],thank you,PROSOCIAL
3829,Opti,"gg wp, have a good evening boys!",PROSOCIAL
47075,Ragnar,nice try. :). ez katka. nice 1v5 sf. ;),PROSOCIAL
1538,phynx,gg,PROSOCIAL
49507,Ronchas-kun Lamperouge,gg,PROSOCIAL
47914,0FWG.Fire in the Taco Bell,gg,PROSOCIAL
46422,GZUZ,GG,PROSOCIAL
42552,bEnGi #Sir Fail-a-lot,gg,PROSOCIAL
16559,Tjatte,OIMG. gg wp,PROSOCIAL
44800,Towelie,sec plz. ty. g. gg,PROSOCIAL
44063,BeeR,gg,PROSOCIAL
30968,justbOunce,gg,PROSOCIAL
28802,//\\//\\R.\\//\\//h!Te,GG,PROSOCIAL
30021,Kill La Kill Yourself,gg,PROSOCIAL
25890,MoneY A.c$j,gg. lol. noooooooooooooooooooooooo. lol. that bounce. true. gg. ggggggggg. nice team play ,PROSOCIAL
26783,y,gg,PROSOCIAL
19703,Dust,gg,PROSOCIAL
38541,YOAOY,gg,PROSOCIAL
34948,Y0DiACK,im going for. 100 win streak. gg wp,PROSOCIAL
12718,X-Ray,ty. gg,PROSOCIAL
35644,Salim,gg wp,PROSOCIAL
28077,lukaaa,gg wp,PROSOCIAL
10557,Mogul,low sladar. wp invoker. hahaha. haha. gg. Gg. wp. ?. gg. Wp,PROSOCIAL
39100,Shoefish,gg,PROSOCIAL
6271,SyS,gg,PROSOCIAL
14193,I AM THE O.G,gg. well played. sorry about taking jugg. when you had it highlighted. well playe dteam,PROSOCIAL
34535,LT.Justmcb,comend engima. TODO FUE UNA ILUSION. comend enigma,PROSOCIAL
43526,-Kennedy.Go,just play u are strong,PROSOCIAL
44495,The last,ggwpo. ggwp. recomiendo todo mi team,PROSOCIAL
17043,™ Ace™ SeyStyle,ggwp,PROSOCIAL
40555,A piece of cheese,i;m just chillin an shit. lol u so pro sf,PROSOCIAL
15089,Inflame,wait pls. Ggwp,PROSOCIAL
11549,Oberyn,missborn -_-. thx. XD. gg wp,PROSOCIAL
49355,Nereus,gg wp,PROSOCIAL
46232,is so easy,gg,PROSOCIAL
23038,Wyndego,gg,PROSOCIAL
24175,SweetChilliPhilly,gg,PROSOCIAL
31109,LorD_SaiZ,gl. gg,PROSOCIAL
27123,#Ex3maL,gg,PROSOCIAL
42251,~611~,gg,PROSOCIAL
46094,Nekuromento,gg,PROSOCIAL
34816,-25,dazzle. wp. gg. gg. 41-26 lol. wp,PROSOCIAL
5727,Groot,gg,PROSOCIAL
41828,6o4huynh,gg,PROSOCIAL
21215,Marik,thanks for this interesting match. good luck next time,PROSOCIAL
43032,Jembawut,ggwp. gg,PROSOCIAL
9137,PUNASNATION,ty. gg,PROSOCIAL
46188,Ecknareal,o know its a rubick. wp bounty,PROSOCIAL
5046,VonRobin,haha damn silence. I BELIEVE I CAN FLY. I BELIEVE I CAN TOUCH THE SKYYY. Gg wp,PROSOCIAL
14845,VWE,close. gg,PROSOCIAL
1294,=]|====>Baze1992 is a F@G,NICE,PROSOCIAL
30354,Metsis,gg,PROSOCIAL
25254,?????? luen,ggwp,PROSOCIAL
47482,菜鳥.,sorry men,PROSOCIAL
15104,LIVE FROM THE GUTTER ~~,gg,PROSOCIAL
2611,bloo,gg,PROSOCIAL
16927,AiJay,ggwp,PROSOCIAL
13549,WoWGuaRD,wp,PROSOCIAL
8787,THiRD <3,GWp. GGWP,PROSOCIAL
34922,Big M,lol qop. good job. gg,PROSOCIAL
11750,#zbs. VODA :],:DDD. gyro. good skin. ggwp,PROSOCIAL
17560,W.D Jeffry :D 260998,comend please,PROSOCIAL
31571,Emmet Tr1ll,commend for rubic game  play,PROSOCIAL
18321,DokkanDokkan,gg,PROSOCIAL
28164,DΣSTINY,sorry peeps. online. oh. shit. sven. run. nice. gg. end. ggwp,PROSOCIAL
7642,Gnome Rebel,it looked bad for a second. sf last hit well. there i said something nice,PROSOCIAL
3964,Lekkit,gg,PROSOCIAL
22538,- DsKiller -,depois te ensino.,PROSOCIAL
31729,CheetO Gorilo.,pls report this slark. help dota community,PROSOCIAL
38619,bigboss,gg wp,PROSOCIAL
38246,Shinja,gg,PROSOCIAL
49885,Car Radio,gg,PROSOCIAL
16111,Logia,ggwp,PROSOCIAL
49899,Regular Hero,GG,PROSOCIAL
6254,Pegasus Fantasy,agamis doctor or aa. ok. gg wp. ty for steack,PROSOCIAL
1490,Amaru,gg. comend luna,PROSOCIAL
47916,Dildo Baggins,ggwp,PROSOCIAL
40320,wepaj,glhf,PROSOCIAL
17808,Паштет,gg. gg wp,PROSOCIAL
47950,noob,gg wp,PROSOCIAL
14831,Maliken,ggwp,PROSOCIAL
40125,Knappknapper's,ggwp,PROSOCIAL
44449,PeterJunCatalanJR.,ggwp,PROSOCIAL
37080,Balora [Merciless],gg,PROSOCIAL
6285,VII,lol. ggwp,PROSOCIAL
13286,thegoldenarcher5,GG,PROSOCIAL
15908,Aquafina,gg wp,PROSOCIAL
24122,SelenaGomez,gg,PROSOCIAL
7066,undead lawyer,gg,PROSOCIAL
30944,Shaanie,gg wp,PROSOCIAL
46991,Carmens,wp,PROSOCIAL
34181,Lunatico,GG WP. GG WP,PROSOCIAL
17986,whzup,;_;. ggwp,PROSOCIAL
26750,Ifreet,gg,PROSOCIAL
24370,Sonrie #01<3,gg,PROSOCIAL
15640,永远,gg,PROSOCIAL
13631,Tobias Funke,gg . gg,PROSOCIAL
2184,II King Cod II,wp,PROSOCIAL
49489,Zentry,gg,PROSOCIAL
43733,kalma`,jsut report wr and ember. they might be in ur team next,PROSOCIAL
6397,Kard,commend for..?. kappa. whered ur qop go. bitch got deleted. rip. shoutout to  purple for teacxhing me how to play ursa!,PROSOCIAL
36811,Homer_J_S,gg,PROSOCIAL
41920,Silverly,ggwp,PROSOCIAL
11602,JimmyJoeBobJack,GG,PROSOCIAL
6525,VeNoM,lol. gg guys wp,PROSOCIAL
13671,L,gg wp,PROSOCIAL
8984,DLG| Psyko,gg,PROSOCIAL
13315,Sapphire Sky,gg. gg,PROSOCIAL
16517,!TOM!!Jerry!,gg,PROSOCIAL
10975,Feels Bad Man,?. ok. ggwp,PROSOCIAL
26622,Radžis,gg,PROSOCIAL
1986,Koka,:D. Gege,PROSOCIAL
49897,Furiuz the Mnky Boy,gg wp,PROSOCIAL
38021,ione,gg,PROSOCIAL
41468,Strategic Rage,yey!. we all have good or bad games. gg wp,PROSOCIAL
45956,NNLVN,gg,PROSOCIAL
24881,TABRIS,gg,PROSOCIAL
12941,UDD.ThorunZilla,g?. gg wp,PROSOCIAL
6584,Stoy,gg,PROSOCIAL
4114,knopex,gg wp,PROSOCIAL
42169,Onion Knight,GG,PROSOCIAL
14246,DAMMGIRL,gg,PROSOCIAL
47185,Gramse,ggwp,PROSOCIAL
42077,Salaminda,gg,PROSOCIAL
38547,Папочка,gg wp,PROSOCIAL
33782,|3a|3yKnighT,u will get it,PROSOCIAL
24578,1ce,Happy holly. best warlock !,PROSOCIAL
28148,[A]lison Gold*Pinguin,gg wp,PROSOCIAL
39332,a regular old Plumbus,gg. gg,PROSOCIAL
18090,捕鱼大亨,gg,PROSOCIAL
41419,Mr. SEeK,Thamls for game. :). *Thanks,PROSOCIAL
46945,twitch.tv/feedtour,"baited :D. brewmaster good, dazzle best. GGWP",PROSOCIAL
11814,Floki,ggwp,PROSOCIAL
19418,LaBattz^Eva.Sangōki,lol. ez timber. ty,PROSOCIAL
47034,jack,GG,PROSOCIAL
33044,confused.popcorn,gg,PROSOCIAL
38401,Cartiez,gg,PROSOCIAL
37466,NoaH,GG,PROSOCIAL
18261,Otong Kuat Perkasa,gg,PROSOCIAL
42271,FreeSoul,gl,PROSOCIAL
38000,LD.Neboo,GL HF. HES BACK?. gg,PROSOCIAL
27299,Alverde (Cross),lol. someone has to lose.. someone has to lose.. gg,PROSOCIAL
2817,PaKman,gg,PROSOCIAL
23486,Eugeo ユージオ,Xd. GG,PROSOCIAL
32592,Helmut Schmacker,boom. Kappa. why are you guys so good,PROSOCIAL
49885,五花肉,GG. GG. GGGGGG,PROSOCIAL
17283,Goustav,gg,PROSOCIAL
27216,Buzenbazen,ya. Gg,PROSOCIAL
33056,Lopi,ty,PROSOCIAL
46514,omaigad,gg,PROSOCIAL
43596,"..<(*,.,*)>..",sahahaha . Wp,PROSOCIAL
45827,Requiem for a Dream,gg wp. gg wp gl next,PROSOCIAL
37219,¤ dark ¤,gg. commend. =),PROSOCIAL
10900,Magesome™,gg wp,PROSOCIAL
20321,Baldur,gg,PROSOCIAL
38065,mumuaqoh,wp anti mage,PROSOCIAL
9042,PRO_onimusha,gg,PROSOCIAL
25644,Jano,BAM. gg,PROSOCIAL
36963,Tek.Mala,Whoa!. no to rampage. HAHAHA. ghhahahahaha. choker. choker my friend. that es so cool. HAHAHA. nice play es,PROSOCIAL
23848,|| DiGnitY ||,all that for me ?. commend :D. gg,PROSOCIAL
14909,BOOLD MAN,gg,PROSOCIAL
40807,Amissio,:D. +. gg wp,PROSOCIAL
28878,TheDoubleE,lol. Gg. Gg,PROSOCIAL
6938,Zaine,Good game.,PROSOCIAL
10700,Annoth,gg,PROSOCIAL
43142,Morrow ᕕ,ty. thx for tp ^___^. I do :3. okay hairy potter. don't fight back if you want us to finish. Who doesn't love Rubick!. GGWP. Thanks for tp. WON US GAME,PROSOCIAL
8324,Abstract Data Type,wp,PROSOCIAL
2521,3inatur1,gg,PROSOCIAL
12236,Golova Y.,1-1. u ulti too nice. one time,PROSOCIAL
22928,MB_Rakunat,gg,PROSOCIAL
1066,<font face=''papyrus''>^_^ Ace,aw. thats bad. wew invo. duel. kill me 1st. hahaha. gg. end guys. +hahaha. Gg. nc game,PROSOCIAL
33625,Kenti,wp. jesusus,PROSOCIAL
49359,Cindy ♡,nc axe. lol. nice game,PROSOCIAL
44373,A321,gg ,PROSOCIAL
4509,nukularfart,gg,PROSOCIAL
33440,?????,gg,PROSOCIAL
16304,MaviBomber,gg,PROSOCIAL
39994,Charizard,nice arrow . ty,PROSOCIAL
21761,2of4,gg wp,PROSOCIAL
28175,SebaSpasitel,ty,PROSOCIAL
26113,Xfry,gl hf. xo?. what is xo?. ))). <3. you funny?. gg,PROSOCIAL
14767,Slim Shady,tusk. amzing player,PROSOCIAL
8990,Assassin Of Fire,GGWP,PROSOCIAL
10732,hartsfear,'gg,PROSOCIAL
14173,Cool.Bananas,LOLOL. one sec. ;). drunken arrow. Drunken kung fu. i mean warrow. Ty. LOLOL. 0-10. mvp misses. lol sorry morph. LOLOL. Gg wp,PROSOCIAL
22118,Surge,gg,PROSOCIAL
39906,Marcitron,gg,PROSOCIAL
2044,KutTaoLang,Gg,PROSOCIAL
41149,<3-Azziza-<3,Gg. commend support,PROSOCIAL
48023,skjaervik,gg,PROSOCIAL
1519,被打了要冷静,gg,PROSOCIAL
44104,I Wanna Get Better,gl hf. lets pause game 1 minutes for deads in paris. gg,PROSOCIAL
13089,"""net""",its a gg :D. commend ty. def,PROSOCIAL
10953,Fangahra of the Lands Fangahra,gg,PROSOCIAL
21366,금과 영광을 보이 발굴,GG,PROSOCIAL
1842,0980,gg,PROSOCIAL
41550,Lonely Skeptical,Can you please report qop?. Thanks,PROSOCIAL
12606,MUUUURI,gg,PROSOCIAL
22722,Je'W. DangerousDan,teamfight much?. wp. really wp. gg. base race. ye. we won the race,PROSOCIAL
42908,Қiℓℓ,ty. lol. lol. ggwp,PROSOCIAL
4456,"162,5",friendly player. commended,PROSOCIAL
28144,[DAW]SoSicK®,ok. am swap commend. any. wat u wan?. ?. any or?. ok. yeah sure lone. any. am done. done for u lone. thx for the game. u too,PROSOCIAL
22450,FR34K,gg,PROSOCIAL
20509,Mastersheep,gg,PROSOCIAL
22321,IceFraud,gg,PROSOCIAL
42117,Hugo.Son,gg,PROSOCIAL
37561,Fist,Gg,PROSOCIAL
9858,F_R_C,ggwp ,PROSOCIAL
45343,2of3,gg,PROSOCIAL
38736,Chevelle,Deadhuskar. ty huskar. gg,PROSOCIAL
42735,Jadva *҉҈҉҈҈҉҈҉҈҉�,gg wp,PROSOCIAL
3513,Buzzo,gg wp. good call,PROSOCIAL
37140,Lv,sry go. anyone buy out beside jug just now?. =). thanks for the info. gg wp. last hit. lol. good game guys. good game,PROSOCIAL
6031,MuscleDK,gg,PROSOCIAL
20869,MPQ,gg wp,PROSOCIAL
43842,DavisS!,^^. GG,PROSOCIAL
43461,Snow,GG,PROSOCIAL
8090,bubblecup,gg,PROSOCIAL
26162,SiriuS,gg,PROSOCIAL
17956,!Зефир,commend CM,PROSOCIAL
14260,-July-,GG,PROSOCIAL
28116,Bring me the Horizon <3,gg,PROSOCIAL
45638,LOTLOT. x,gg,PROSOCIAL
12349,Vamoqvamo,gg wp,PROSOCIAL
28701,elklopso,gg wp :),PROSOCIAL
38949,tumblrtale adventures,gg wp fam,PROSOCIAL
21807,DotP.Ursi,ggwp,PROSOCIAL
16462,鬼佬Fleakyfleak,gg. ggwp,PROSOCIAL
28419,Diamorphine,wp ,PROSOCIAL
11181,le Quack,gg,PROSOCIAL
24286,Zeno Akoop,gg,PROSOCIAL
44084,Melon Juny[A]r,gg wp,PROSOCIAL
25346,Catfish,Gg,PROSOCIAL
48673,Crumbling Yunalesca,gg wp,PROSOCIAL
30139,sayonara-bye,glhf. jeez. Thx,PROSOCIAL
49915,BioHazard-,GGWP. ggwp,PROSOCIAL
16834,*NumseLarven*,gg,PROSOCIAL
8845,Jukes of Hazzard,gg,PROSOCIAL
11238,Foxz,gg wp,PROSOCIAL
34267,Intruder,ggwp,PROSOCIAL
43834,Emperor,soz restart doto. ok im here thanks. gg wp,PROSOCIAL
40437,[sM].Aquele1%,gg wp,PROSOCIAL
13571,KuroIchigo,gg,PROSOCIAL
6036,FatalThread,gg,PROSOCIAL
4316,Mekar,gg,PROSOCIAL
25937,Kunkka,gg,PROSOCIAL
49010,biceps always together!!,gg. gg,PROSOCIAL
32901,Emperor,envy. gg wp,PROSOCIAL
23513,KCL,GGWP,PROSOCIAL
7857,123GG,gg,PROSOCIAL
8501,tangy,gg,PROSOCIAL
9831,Mbobo,gg,PROSOCIAL
26508,hohol_mc,gg,PROSOCIAL
44063,BenZy,gg. gg,PROSOCIAL
10845,Jürgen,lag. gg wp,PROSOCIAL
41535,shakalaka,gg,PROSOCIAL
22707,Mirfale,gg,PROSOCIAL
36125,PickuP,y. ty. lol,PROSOCIAL
41333,Deltrus,GG wp . gg,PROSOCIAL
12596,Lukgil,gg wp,PROSOCIAL
49730,Hill,gg wp,PROSOCIAL
29238,DarkwaveMD,gg wp,PROSOCIAL
14190,Im Certain My Team Sucks,gg,PROSOCIAL
25372,cleaner-[EU],gg,PROSOCIAL
36707,HrDahl,gg. ez game. ggwp,PROSOCIAL
28612,Chi Long Qua,gg,PROSOCIAL
11627,DarkwaveMD,"well, do you saw our spec in teamfight?. well, this is 4x4 =). +. we will commend you all, if you will wait 3 min",PROSOCIAL
24795,Bobley,ggwp,PROSOCIAL
37798,sonicgroove,gg. Gg,PROSOCIAL
7424,@Dofla Dota,ggwp,PROSOCIAL
16833,Asthma Attack,nice sense of humor,PROSOCIAL
27778,ARTmen,y ty,PROSOCIAL
6426,Evo!,gg,PROSOCIAL
15321,G4G.TadWanKai,don't mind venom. ty. gl hf. we are all top rune come get it ,PROSOCIAL
34390,今晚打老虎,XD. gg,PROSOCIAL
8984,DLG| Psyko,gg,PROSOCIAL
34980,Vitamin A,WP,PROSOCIAL
35676,Morrow ᕕ,GG,PROSOCIAL
11358,LoveU --NotMrBljatAgain!,gg wp,PROSOCIAL
16939,KappaRoss,gg. :D,PROSOCIAL
39266,Factory New,gg,PROSOCIAL
32805,erbao,gg commend ck. wp,PROSOCIAL
11473,Bi8i,gl hf,PROSOCIAL
25086,Marshall,gg wp. comend,PROSOCIAL
38386,Supra,gg wyvern. sit tier. gg. wp,PROSOCIAL
20466,Count Z1ggs v0n d00m,gg,PROSOCIAL
39731,H E [A] T,gg,PROSOCIAL
28196,ColdSilence,gg,PROSOCIAL
16981,|Fever| Big][Pun,gg,PROSOCIAL
35146,YL^,ggwp,PROSOCIAL
26340,Rawrtajgur,bgwp. bgwp :),PROSOCIAL
39964,EnlightMenT,lol. i commend you guys. i did well ??,PROSOCIAL
25196,Janss,gg. gg,PROSOCIAL
41545,Azwon,gg,PROSOCIAL
23167,.eugene,^. ^. ez coins. gg. ty for coins. LOL,PROSOCIAL
2748,(-\S_4/-),gg bro. commend our sniper. too pro,PROSOCIAL
49696,po0m,gg,PROSOCIAL
32831,J-ReaL,GG WP,PROSOCIAL
40288,strano,such a talented tusk. this is for tusk ~~~>  ?,PROSOCIAL
46108,Suffle Girl,gg,PROSOCIAL
25950,nKK,gg,PROSOCIAL
36372,Ratatouille,K. gg wp,PROSOCIAL
40419,Lance,gg wp. no carry,PROSOCIAL
6180,322QEQWE,gg,PROSOCIAL
33854,Fitz Fitzgerald,gg,PROSOCIAL
16061,HelliosS.MBL,GG WP,PROSOCIAL
29284,mdmazing,sunday evening u know. lol. #supportlifesmatter. haha. u guys rocj. rock,PROSOCIAL
867,PUNKBITCHDANNY,gg,PROSOCIAL
3607,Mr.Rabbit,gg. ty,PROSOCIAL
49941,"<font face=""Magneto"" >Jura",GGWP. c0ommend,PROSOCIAL
44895,GAME ♘♘♘,GZ,PROSOCIAL
41789,?????,dont report our support plzx. they trimid with u. GGG,PROSOCIAL
27023,alan[pmw],gg,PROSOCIAL
45556,Florin,gg,PROSOCIAL
28431,Trinideyus,gg,PROSOCIAL
34188,Symphony,gg,PROSOCIAL
23111,G-natRider,ggwp,PROSOCIAL
5977,Azrael -VPF,wp. I commended you Weaver. <#. I knew I commended you for a reason. gg,PROSOCIAL
38741,Captain Kush,gg,PROSOCIAL
13930,Major Dude,ggwp. ggwp. GGWPWPWPWPPWPW,PROSOCIAL
17800,1354 #Glowing,gg. :(. i tried so hard :D,PROSOCIAL
5775,Rantawi (︻デ═一¤),commend me :D. wp cm. and es. cm and es made some good moves on mke,PROSOCIAL
39155,Bulbadoge,gg,PROSOCIAL
11358,FIEND,gg,PROSOCIAL
42525,両儀式,gg,PROSOCIAL
32603,TOFU!Dido,GG WP. x),PROSOCIAL
34225,foreverbryan,gg,PROSOCIAL
26793,Xith,ggwp. ggwp. ggwp,PROSOCIAL
48333,STROMOVOUS,Yea. gl hf. lol,PROSOCIAL
45778,Ori,Gg,PROSOCIAL
35506,慢摇时代,GOOD LUCK ALL DUDE,PROSOCIAL
31947,Kardinal Ranzinger,gl hf,PROSOCIAL
46416,fUnnymaN,ty. gg,PROSOCIAL
48351,GiwooNg,ggwp. ggwp,PROSOCIAL
19436,Anuvys,gg wp. ff,PROSOCIAL
14014,Magnum_Aegis,GG,PROSOCIAL
48382,SOLO MMR WARRIOR,lol. gg. gg. gg boys,PROSOCIAL
14286,ムーン,gg. good  jugg,PROSOCIAL
35101,Ole Wedelmenator,gg,PROSOCIAL
713,Kenta kofot,lol. gg. nah she did what she could. she killed me 2 times mid. ez win,PROSOCIAL
48698,m_illusionist,Gg wp,PROSOCIAL
40615,Dön't Be Idiot ƒuckær ₧,gg,PROSOCIAL
22584,Poskii,?. ggwp,PROSOCIAL
20751,#turboslut,torlolool. ggwp,PROSOCIAL
6376,rAgingMo,wp,PROSOCIAL
1798,TJ,roflll. rude. ^. ggwp,PROSOCIAL
28543,VPB_KeFF,gg,PROSOCIAL
11698,MyMeK,Gg wp,PROSOCIAL
19644,axesy,gg wp,PROSOCIAL
33275,Holocron,GG,PROSOCIAL
23810,JABT,GG,PROSOCIAL
40776,HalF.Mad,gg wp,PROSOCIAL
32840,Stubot,GG,PROSOCIAL
16069,阿尔托莉亚·潘多拉贡,good. you win. blood seeker. it is not about how bad he is. it is about how god i am. you ganked me once. tusk and seeker. gg well played,PROSOCIAL
31772,Rock-a-doooodLe,"good game, weLL pLayed. gg",PROSOCIAL
28780,BIabberman21,??. yep. ???. good offlane choice guys. greed isgood. ez points,PROSOCIAL
17467,Evil hacker,ggwp,PROSOCIAL
20860,Làdy Thưa Bà Tổng Thống,wp,PROSOCIAL
27418,Weebs,commend CM ,PROSOCIAL
45973,Newtons flaming laser sword,gg wp,PROSOCIAL
2232,Mini,gg,PROSOCIAL
394,F - e - a - r,Gg,PROSOCIAL
27958,DotP.Cpt Silverfox,ggwp,PROSOCIAL
24550,#ano.Ainsley Kek,gg,PROSOCIAL
23132,Caneofpain,gg,PROSOCIAL
11340,<3(OnlyMid),gg,PROSOCIAL
22766,Ironwood Branch,gg wp,PROSOCIAL
10900,Magesome™,gg wp,PROSOCIAL
10272,Foulfell Escapee,rofl. Ggwp,PROSOCIAL
41001,Leguadris,gg,PROSOCIAL
40936,Arthas,gg. very hard dmg heros,PROSOCIAL
47924,Offline,gg,PROSOCIAL
43006,Baver Knight,XD. GGWP,PROSOCIAL
1220,⁢⁢⁢⁢⁢⁢⁢⁢⁢⁢,lol. lol. lol gg. lol glad u were so fed tb. gg tb you're fcken good,PROSOCIAL
34956,yaksha will rape ASUNAandRIAS,GG,PROSOCIAL
5494,yetiman,gg,PROSOCIAL
32186,Fish Roe Man,np why do you have aquila. wp all,PROSOCIAL
6698,Bayaraa_sk,GG. WP,PROSOCIAL
18343,N∑∑Χ,gg,PROSOCIAL
14562,ChazKato,"sec plz. gg wp, pudge and veo get most of the credit in my book, wp boys. some redonculous saves pudge. and i thinke every veno ult was a 5 man, crapped on u. us*. gg",PROSOCIAL
29713,MrMkay,gg,PROSOCIAL
36831,Panchi,katakot ka am. TEAM SCARED. }HAHAHAHA. funny. commend WD best evbe. commended bro WD. GG. GGWP,PROSOCIAL
16976,fristil,ggwp,PROSOCIAL
38178,Disco Biscuit,gg,PROSOCIAL
6832,oliric6,gg wp,PROSOCIAL
23898,R.O.G | 8Tracks,U SURE BRO. GGwp,PROSOCIAL
35290,Miaw,urwc. gg warlock,PROSOCIAL
38,DOC,sun strike well,PROSOCIAL
45320,PeeCee,gg,PROSOCIAL
26275,Cc._.CN,ty. gg,PROSOCIAL
30117,zajebant*91,wp tusk. gg,PROSOCIAL
9386,lên là lên là lên,gg,PROSOCIAL
42571,P4ppous, gg wp,PROSOCIAL
135,Nero,:v. recomend winter. gg,PROSOCIAL
49978,4444444444444444444444444444444,yes. yes. wp tiny,PROSOCIAL
21826,Ashisogi Jizō,gg,PROSOCIAL
6876,Mathematics,gg,PROSOCIAL
41583,MFR,glhf. ggwp. ggwp,PROSOCIAL
1980,Standin.Outside.DCE,glhf. DDDD,PROSOCIAL
49097,JuRen,gg wp,PROSOCIAL
32517,OoohhhAAAhhOOhhAaahh,wp. gg,PROSOCIAL
49361,[TDP]™MazamorraDeTocosH..♪�,gg ,PROSOCIAL
12673,JamØe,GG,PROSOCIAL
31982,Tupsi,gg,PROSOCIAL
24051,Joker,ty. gee,PROSOCIAL
28042,Claire,gg wp. gege,PROSOCIAL
35845,., wait please .  and gl ,PROSOCIAL
46244,DoTard 2,gg wp. gg wp,PROSOCIAL
6634,ZeuSy,GG,PROSOCIAL
30789,Alan,:<APgaweg. nice. gg. gg,PROSOCIAL
45327,Ignatize,I'm sorry,PROSOCIAL
8292,Deerale,gg. wp. that ck combo at start. holy shit it fucked me,PROSOCIAL
49799,coming ...................,gl. ez sentry. ty for gem. gg easy,PROSOCIAL
36320,RakanishU!,WP WP. GG. FIRST TIME?,PROSOCIAL
1198,w33,gg,PROSOCIAL
20383,barrjs21,w8 plz. gg,PROSOCIAL
8931,Chosen1,gg wp,PROSOCIAL
1318,Not All So Good,warded dude. ggwp. gg. nice intro,PROSOCIAL
20706,spanky,you good?,PROSOCIAL
47915,JokersAce,gg,PROSOCIAL
28286,•└nOmO┐•,i was dead eanyway. ;). sk. do that again. gg wp,PROSOCIAL
23459,Du30,Lol. lol. really?. gg. ggwp,PROSOCIAL
14245,ecksdee,ggwp,PROSOCIAL
18727,[B]rix,WP,PROSOCIAL
17763,MinMorts,Gg,PROSOCIAL
33356,JadedPilfer,gg,PROSOCIAL
11831,Balmüng,gg,PROSOCIAL
19203,ahaha,gg,PROSOCIAL
45561,Fjellape,gg,PROSOCIAL
36910,Kyzz,gg,PROSOCIAL
47208,Influcted,Ty4coins,PROSOCIAL
15677,coconutice,jug is the best in this team,PROSOCIAL
12866,2dammkawaii,hbey enemy. can you give tusk opbserver wards. for his challenge. BEAR MAN. GIFF WARDS. VANAMOS. commending alfredo bear man,PROSOCIAL
39568,pudge.com.br,gg,PROSOCIAL
12663,206,gg wp ,PROSOCIAL
20216,Cool Story Bro (Y),gg,PROSOCIAL
30765,Wosylus er den bedste,gg wp,PROSOCIAL
5651,dsotm53,"gank drow, he's solo. 800 hp only. farm SF, am, doom, sniper. u got it",PROSOCIAL
14491,mike_n,ggwp,PROSOCIAL
41209,-LaW-,gg wp,PROSOCIAL
40708,Sexy German Beer Girl,w8 pls. darkseer. rekt. :). GgWP,PROSOCIAL
46434,kAmz,:D. Can't compete with that TA. :P. gg wp. lucky win. against the run of plat. play*,PROSOCIAL
48023,J4CK,wait pls. 30 sec. 1min. mouse batt. wait pls. oke thx. sorry about that. Wait,PROSOCIAL
11226,Zoo,gg,PROSOCIAL
37426,Kulmage,gg wp,PROSOCIAL
42812,Leksa,gg,PROSOCIAL
30492,No gang only dive`,keep it up boys,PROSOCIAL
36526,SATISFACTION by AIDAR,pocani ne obrawaiet vnimanie. ya lublu vas. <3. sps ). <3 ,PROSOCIAL
27555,Machinata,GG m8 . have a nice monday,PROSOCIAL
47108,KenSHINO,@@. worth. 21 min :)). good game,PROSOCIAL
4409,JINZO!!,gg,PROSOCIAL
32082,Jack,gg,PROSOCIAL
21322,GiffMeMana,GG. ty,PROSOCIAL
39241,TreLagoa,vlw. ggwp,PROSOCIAL
12755,Great Deku Tree,gg,PROSOCIAL
5799,Oms,gg,PROSOCIAL
1001,Криминальный Гус,gg wp,PROSOCIAL
36821,DFox,gg,PROSOCIAL
490,TinkerBell,i have faith on my teammates :D. lol. lol. but then i got blowed :D. ggwp,PROSOCIAL
11992,MeCa.Zeliow | DutchDota.com,gg,PROSOCIAL
34064,Dirt McGirt,gg,PROSOCIAL
31035,Freudian,no worries. gg,PROSOCIAL
38014,SuicideBunny 法伊,lol. Gege,PROSOCIAL
42238,Rky,bashlord. ggwp,PROSOCIAL
27486,Electric.B.Ps,ggwp,PROSOCIAL
2879,HentaiMage,gg,PROSOCIAL
42251,Rekt.PLayer_4;30,GG,PROSOCIAL
30487,Sugar,lol. wp,PROSOCIAL
23916,`Red,GGWP. COMMEND . TY. ^_^. COMMEND ME,PROSOCIAL
31373,15110,gg,PROSOCIAL
18507,PRIME.Legioη,ok. np. GG. GG,PROSOCIAL
5850,Severus,geegee,PROSOCIAL
38820,Yasuo Nakamura #prayforparis,gg,PROSOCIAL
20975,HABIBI,all girls lol. ez kapa. wp sf lion. wp,PROSOCIAL
1148,pleiAr,ty,PROSOCIAL
8086,Abdul Totkan Pek2 RogDu,gg,PROSOCIAL
22700,Mean Lasers,ggwp,PROSOCIAL
26494,<-({NamIguDo})->,gg,PROSOCIAL
39447,Skyfire,gg,PROSOCIAL
33430,TatoMonter,gg,PROSOCIAL
49171,ImAFuckinDolphin,wp,PROSOCIAL
44612,sojtucker,gg wp,PROSOCIAL
22161,robottaway,double dragons. look at all those. ggwp,PROSOCIAL
38147,Hennessey-Venom-GT,:D,PROSOCIAL
27703,EteI2nity,GGWP,PROSOCIAL
48527,Funfactory,ggwp. outplayed,PROSOCIAL
13100,h4xSh0w,gg,PROSOCIAL
43398,Pakalu Papito,ggwp,PROSOCIAL
38146,ztevenvp,gg mid safe lane. they rocked,PROSOCIAL
31490,Hodor,gg. wp,PROSOCIAL
30575,The Motherfucker,gg wp,PROSOCIAL
27606,0KR0SHKA,wp,PROSOCIAL
3337,Widowmaker,nice ss enigma bt u forgot me. ggwp. ez titan,PROSOCIAL
9472,yebox,ggwp,PROSOCIAL
29457,rngod,ggwp,PROSOCIAL
20861,#q,nice,PROSOCIAL
47043,Enutrof,gg,PROSOCIAL
37950,lok tar!,gg wp. GG WP,PROSOCIAL
32536,-5,Good luck and have fun 'Americans'. Need a standin?. gg. that guardian shield though. too strong for us physicals!,PROSOCIAL
39919,Zaine,"Sick, Rubick. Good game.",PROSOCIAL
16521,Gordon Ramsay,roshan has fallen to the dire. wp omni,PROSOCIAL
10522,[Sex Borg] pumpermoose,close. gg,PROSOCIAL
26009,VaniTy,GG,PROSOCIAL
14213,R',:) gg,PROSOCIAL
41837,KIVA,good luck. gg,PROSOCIAL
10376,Alfalfa,wp,PROSOCIAL
36970,L I N S A N I T Y,wp ursa,PROSOCIAL
47033,Rapture|☆ Lucifer ☆,Gg,PROSOCIAL
24721,bfjsdfjinbijgokpmgpvsionndiscam,gg,PROSOCIAL
39191,dr,1m. ty,PROSOCIAL
38145,Mathew the Majestic,gg,PROSOCIAL
29962,TSF_GoldRush,Gg,PROSOCIAL
3660,SergiO,GG WP,PROSOCIAL
33210,4Kate,GL HF. kappa. <3. GG WP!,PROSOCIAL
49069,new beginnings,)))))). Gg,PROSOCIAL
22402,Darth Turkey,Good game,PROSOCIAL
27824,Ritzi die lustige Rasierklinge,ggwp,PROSOCIAL
1133,کìleŋt ☂,WP,PROSOCIAL
21112,Wandrell 卡了,ggwp,PROSOCIAL
45695,( . Y . ),gg,PROSOCIAL
28424,onlyRandom,gg,PROSOCIAL
10332,BV$Σ,ty. SPID,PROSOCIAL
31834,Ｅ ｎｙｏ,fun game,PROSOCIAL
14282,HolloW,gg,PROSOCIAL
25803,SyToX,130s ultimate for me? :D. ggwp,PROSOCIAL
10156,Zens Mank,GG,PROSOCIAL
24674,Yung Snoy-,XD. GG,PROSOCIAL
48697,NLH.Joker™,lol. Agresive play. Nice game,PROSOCIAL
49856,Wipper,gg,PROSOCIAL
17248,Ady 25,gg. gj cm ,PROSOCIAL
44423,[S_TR] firts blood,lol. gg,PROSOCIAL
24200,S A D B O Y S,ty. taco taco. ggwp,PROSOCIAL
39845,^N0R1CK~,nice trade :P. gg,PROSOCIAL
48928,Solegan Kin - FR,"ready aaxe?. MOAR SILENCE. FFZ. OMG. ES COME. at least, we tried. sorry for being a below average cap",PROSOCIAL
13696,MichTan,:D,PROSOCIAL
23530,HULK,wp,PROSOCIAL
45882,^.^,Gg,PROSOCIAL
33755,[N] o [P] o i n t,GLHF. GG :),PROSOCIAL
8913,Direstraits,cos u ultied me. i owed u one. =D. hehe,PROSOCIAL
13789,Pivtsaev,Solados. GG WP,PROSOCIAL
438,SongSαmDong (송삼동),Gg,PROSOCIAL
18106,GenghisLOL,gg wp ,PROSOCIAL
23687,Dread-Valkyrie,gg wp . good luck further,PROSOCIAL
932,Kettarian Hunter,gg,PROSOCIAL
2222,Draygar,gg,PROSOCIAL
40871,Kiki'sKilliveryService,gg. gg,PROSOCIAL
27391,darks:kol doom w nsa l hmoom,glhf,PROSOCIAL
3325,IAlwaysPlayNaked,gg,PROSOCIAL
11542,OZHE ZII!!!,g. gg,PROSOCIAL
22408,Tua mae seu gay,gg,PROSOCIAL
49581,Zypher,gg,PROSOCIAL
31539,Grrrr,gg,PROSOCIAL
26450,Niklaus,gg wp. gg,PROSOCIAL
20452,Chops Buster,gg,PROSOCIAL
32509,Monapici,gg,PROSOCIAL
10643,Döner,? :D. gg,PROSOCIAL
47187,Fiendish Dr Wu,ty mr satyr. gg. HAHAHAHAHAHAHHA. gg wp,PROSOCIAL
43182,Vyndetta-,gg wp,PROSOCIAL
9656,Nox_Luna,gg,PROSOCIAL
5223,DAZZLE NOVAK,HOLY SHIT. dude that was sick. i got juked so fucking hard. wp. ask hm. him. if hes mad cuz ba. bad. k,PROSOCIAL
40310,PapitasONFAYAH,ez. u.u. D;::. D:. gg wp. ty,PROSOCIAL
31634,Islander,damn thats a low cd. worth?. didnt you learn from slar?. my team has my back. love your dives slar <3,PROSOCIAL
34599,Cc♥♥,GGWP,PROSOCIAL
48307,Suleiman,Commend Techies,PROSOCIAL
9137,DJ Frontliner,nice arrow,PROSOCIAL
45098,WhatMagicIsThis,gg,PROSOCIAL
24572,Skatkent,ty for pausing lol. serious. ggwp unlucky nh. bh. carried us,PROSOCIAL
4000,Bombur,?. 12 assist. nice stun. lion,PROSOCIAL
7944,KO,wp ,PROSOCIAL
16969,Art,gg,PROSOCIAL
44021,Bart,nice gank. lol. lol . gg wp guys,PROSOCIAL
38830,Toomel,gg,PROSOCIAL
41781,Alex the Maximus,gg,PROSOCIAL
24237,spark,gg. gg wp,PROSOCIAL
35668,ftf,ty. ops. commend me pls. :). gg wp. :D,PROSOCIAL
12204,Daydream Bear,:D,PROSOCIAL
18111,MyMeK,gg,PROSOCIAL
25404,HorseFeeder,XD. gl hf. wow. gg w[,PROSOCIAL
43316,FUCK YOU DOTA2 MMR GAMING,gg,PROSOCIAL
38022,Strafe,GGGWP,PROSOCIAL
7170,Spatium.Lode,gg,PROSOCIAL
32845,Tobi mudaffkin' G,gg,PROSOCIAL
35321,rYaiEn,gg,PROSOCIAL
28708,TittyLover,gg,PROSOCIAL
35799,♥ KnifeParty,gg. gg,PROSOCIAL
28410,♠Ace,gg kidz. gg kidz,PROSOCIAL
39241,TreLagoa,vlw. ggwp,PROSOCIAL
9421,HER CARRY,nice lige. lol. ggwp. ggwo. we did our best. ggwp,PROSOCIAL
22714,Be@tch,gg,PROSOCIAL
22412,Acrx,LOL. gg,PROSOCIAL
9675,AMG C63,gg. GG,PROSOCIAL
22909,BrickbyBrick,gg. wp,PROSOCIAL
28482,MilkyWay,grats you won cookie,PROSOCIAL
31553,venom64,gg,PROSOCIAL
15636,AliceLee,gg,PROSOCIAL
47300,THΞ MΞGΔ ΖΞΓΘ,ggwp,PROSOCIAL
32619,Carlton Dry,TY FOR ESY LANE. GG,PROSOCIAL
41659,o{|:xx:|\\\\\\\\\\\\\\\\\\7,lol. commend undead pudge. :D,PROSOCIAL
7531,SHIBA┌( ಠ_ಠ)-l,nice,PROSOCIAL
28342,Yuki^,gg wp,PROSOCIAL
4977,LeGa,not bad pudge ,PROSOCIAL
21428,carlo,wp,PROSOCIAL
8022,Alteisen,haha. namatay na din ako. ok lang un. hahahaha. GGWP,PROSOCIAL
13858,Maestro Splinter!,wp ,PROSOCIAL
38084,ZEIN,ggwp,PROSOCIAL
9900,Den,gg,PROSOCIAL
30408,Murock,gg,PROSOCIAL
28050,riccardo.simonetti,gg,PROSOCIAL
41497,ski2365,gg,PROSOCIAL
46788,Herr_Kules,gg wp enigma won the game,PROSOCIAL
39662,建築家,gg wp. gg wo,PROSOCIAL
29562,The Dude,gg,PROSOCIAL
33045,Game,so close. lol. gg wp,PROSOCIAL
6271,Chewie,V. TRTACKED. you and me had the same idea. CIRCLES. its ok. paint happy trees,PROSOCIAL
42124,Tahurtz,gg,PROSOCIAL
31659,IBG,gg,PROSOCIAL
29696,yung cranberry empanada,?. its a lot more luck than you think. gg,PROSOCIAL
15838,raging 5,GG,PROSOCIAL
7833,Mr.pongz05,gg,PROSOCIAL
40638,TRI505,gg wp,PROSOCIAL
36750,Yui <3,:). wp you too brew. you were best on your team im sure. + 25,PROSOCIAL
39088,ManUp! Raza,gg,PROSOCIAL
8794,BrainDead,gg. 4v5 all the way,PROSOCIAL
26351,EggbabySupremacy,plz. 1 min. ty. gg wp,PROSOCIAL
4920,Docta,gogog 4 team carry. Ez. gg wp,PROSOCIAL
1312,Dеpsе,wp invoker. :D. :),PROSOCIAL
34821,永远都会有SOHAI,quite good game,PROSOCIAL
27942,fabuLous,GG,PROSOCIAL
25191,LTV,gg,PROSOCIAL
19721,@smart gaming,gg. gg spec. he did good. ..,PROSOCIAL
5158,Mr.Blonde,wp,PROSOCIAL
1358,Flowerwall,ggwp,PROSOCIAL
6442,bonemaster,gGWP,PROSOCIAL
34680,AA,GG. end,PROSOCIAL
39586,Brian ツ,y. gg wp[,PROSOCIAL
42952,Double_R,gg,PROSOCIAL
46094,Nekuromento,gg,PROSOCIAL
47206,Expand Dong,gg,PROSOCIAL
49125,`-Aksi,ty lina. WP ,PROSOCIAL
22690,Abraham Linken'sphere,Gg,PROSOCIAL
27901,abancaycito_10,bien . terminenla . el pro del dazle tiene k kedarse en este ranked. gj. ty,PROSOCIAL
44821,Rat1onale,GG,PROSOCIAL
7399,Demon Eater,ggwp. first time play mor. hihi,PROSOCIAL
6438,18!12,sisaj ga noobe. he did good. gg. :). +,PROSOCIAL
15321,G4G.FEWL,ok. our player is reconnecting too. no worries. um. wait plz. it's ok. no. he didnt see. it's all good. glhf btw. Agreed. ggwp. ty for waiting. on sf. wp. ggwp,PROSOCIAL
5748,EGOIST,ty g. RLY. CRIT CRIT CRIT. congratz,PROSOCIAL
17255,Roshan,gg,PROSOCIAL
12803,Keep it sleazy.,gg,PROSOCIAL
42262,│✪♫ Syntax_Error ♫✪�,Gf,PROSOCIAL
36737,yalla ya kalb,gg wp. commend please. Ty,PROSOCIAL
14449,Jurango,ggwp,PROSOCIAL
19325,Trickster,outplayed. gg,PROSOCIAL
33742,Returns to nothing,good game,PROSOCIAL
3181,ใหญ่ยาว !!,GG guy,PROSOCIAL
21866,MiNuS,gg,PROSOCIAL
11583,Koehnisch,hahahaha. gg,PROSOCIAL
34251,Pray For MMR,GGWP,PROSOCIAL
15991,Deacon Frost,gg,PROSOCIAL
17640,Sha)Doc,thx for gold. gg,PROSOCIAL
49572,Don Julio,gg,PROSOCIAL
23137,Kaiser,gg,PROSOCIAL
44567,palli,gj doom. gj slark. go thte support :D. end it,PROSOCIAL
29186,Black Jesus,gg,PROSOCIAL
11064,hotdogbun,ggwp. gg,PROSOCIAL
47904,772-LR,ggwp,PROSOCIAL
48998,RG3,gg,PROSOCIAL
49544,Shiki,gg,PROSOCIAL
11766,Ingwion,gg wp,PROSOCIAL
26172,GoldChicken,gg,PROSOCIAL
37177,Mooner,gg,PROSOCIAL
15627,Mica,ggwp,PROSOCIAL
38683,SiLA,ouch. LOL. gg,PROSOCIAL
31422,Mr.splinter,gg,PROSOCIAL
19156,newtyzonzi,GG,PROSOCIAL
903,Dingdong.Reborn,ggwp. bia ah. wp,PROSOCIAL
37829,th3Suit,gg,PROSOCIAL
25331,GOFRAGURSELF,gg,PROSOCIAL
18972,NoVa,gg,PROSOCIAL
7424,Andromines,Gg,PROSOCIAL
35987,http://www.twitch.tv/dota2,gg,PROSOCIAL
20452,Bones,gg,PROSOCIAL
3044,Aurlon,well our lc got her first duel win 2 mins ago,PROSOCIAL
46890,Smitty Werben ¯\_(ツ)_/¯,"gl hf. he has 3k mmr, be kind pls. gg wp",PROSOCIAL
18987,Derp Derp,gg wp,PROSOCIAL
35683,MANTIS,gg,PROSOCIAL
41094,i never win,LOL. pleasure playing with you all,PROSOCIAL
23119,Bot pasive 2.0,o:. gratz. gg,PROSOCIAL
7756,Undead,gl hf,PROSOCIAL
41302,Prinny,gg ,PROSOCIAL
16592,ZviadistA,10x. go rosh. :*,PROSOCIAL
37909,ceeluh,gg,PROSOCIAL
21720,']['he RoCk,:D. ez 5k xD. gj ,PROSOCIAL
30984,Drak0n,gg,PROSOCIAL
17780,ahtklól,gg,PROSOCIAL
18665,Yogibär,gg,PROSOCIAL
20880,WoaH_Kemosabe,gg. wp timbersaw,PROSOCIAL
20955,Holica,GG w p,PROSOCIAL
29313,Bob Ross,ggwp,PROSOCIAL
18992,scr,gg,PROSOCIAL
17350,Erbse,wp oracle,PROSOCIAL
43430,Miracles form Heaven!,ee sama ember. gravve. yes. miss. haha. u dodge so good. gg. gg,PROSOCIAL
14500,BORN TO KILL,gg . too pro i guess. lmao,PROSOCIAL
6000,Hard Courier,stay classy. gg. wp,PROSOCIAL
47151,WTF Fucking Bash Spirit Breaker,ty. omg ww,PROSOCIAL
4038,Le Wizard,ggwp,PROSOCIAL
44241,Kaizoku-Sneakings,Ggwp,PROSOCIAL
37895,Vector,gg,PROSOCIAL
3925,Joker,gg,PROSOCIAL
39395,Chrille,ggwp,PROSOCIAL
37050,MOMENTPLZ,gg,PROSOCIAL
37116,lard,gg,PROSOCIAL
32476,kinky_slinky,chill. gg,PROSOCIAL
5386,annoyed,wghiii. juke. gg. PURP. GOOD JOB,PROSOCIAL
49744,gungrayve,sorry man. gg,PROSOCIAL
30021,Sporks,gg wp,PROSOCIAL
24968,ieatpasta,gg,PROSOCIAL
39590,DotP.Fafnir,gg,PROSOCIAL
5490,Fayher,gg wp,PROSOCIAL
8823,b3fRe3,ty . rly,PROSOCIAL
44034,Bergerak dalam sempak,we got pro pudge. WP pudge. deserved for commend,PROSOCIAL
13296,c1v1l player,lol. GG,PROSOCIAL
29820,fuck my life,gg,PROSOCIAL
32967,Lykanos #PrayForParis,gg,PROSOCIAL
14767,MoOz,good history brah. tell me mor,PROSOCIAL
38836,Lυηα ¤,gg wp,PROSOCIAL
43759,SENEPI,gg,PROSOCIAL
41828,Clapland,GG,PROSOCIAL
24974,AncientStriker.oLAY,gg. gg,PROSOCIAL
49353,TDK.mo0M.Bo,NIce phoenix,PROSOCIAL
12217,mtt.strume,gg wp,PROSOCIAL
41412,st1mpact,glhf :) . :<. ggwp :) ,PROSOCIAL
30204,NKR,gg. ...,PROSOCIAL
7744,#Town,gg. that was a crazy game,PROSOCIAL
34842,噫吁嚱危乎高哉,NICE MIDAS,PROSOCIAL
24072,VG.BurNing,gg,PROSOCIAL
493,C#.ops,lol. ggwp. u belong. lol. funny. commend me. u too. me too,PROSOCIAL
24128,再看，再看就把你喝掉,gg.. gg,PROSOCIAL
48299,C00K1E,gg,PROSOCIAL
43898,BunnyBrother,ggwp,PROSOCIAL
48735,Gibby,its k ur bad too. :). why?. everyone has rough games. not his fault we rekt him. you have more deaths than him tho. so...,PROSOCIAL
282,Timado,gg,PROSOCIAL
43028,†mmortal_Dant†e,gg,PROSOCIAL
5046,VonRobin,haha damn silence. I BELIEVE I CAN FLY. I BELIEVE I CAN TOUCH THE SKYYY. Gg wp,PROSOCIAL
3860,Ser Pounce,ggwp,PROSOCIAL
37951,湖工狗混欧服,gg,PROSOCIAL
43554,DirectorInterneta,laaag. pause pls. GG. commend gyro for great pick,PROSOCIAL
1926,Mitsu,gg wp,PROSOCIAL
22003,S U S,ok pro . :D,PROSOCIAL
9900,Den,gg,PROSOCIAL
27921,Nesqui,ty,PROSOCIAL
9487,kanuahs,GG,PROSOCIAL
48484,L'A | Cheg™,nice blackhole bro. one shot x),PROSOCIAL
27035,talhabalci,voker kills ranged creeps with ss. nice vokin,PROSOCIAL
9200,Perheväkivalta,ggwp,PROSOCIAL
4197,Mad.Max,ggwp,PROSOCIAL
21502,Blendadent,gg,PROSOCIAL
20910,"Envy55(Relax,you're doing fine)",gg,PROSOCIAL
5688,TC Phoenix,ty for coins. lolol. lol. ty for coins. in tree,PROSOCIAL
49568,FalseEcho,gg,PROSOCIAL
32165,™ Kž Te aMo ™,gg,PROSOCIAL
42872,That Fried Bread Feeling,gg..,PROSOCIAL
43435,USSGuam,ggwp. ggwp,PROSOCIAL
12421,[HK]Spynx,GG. GG rage. nice. aw no. LOL. LOL. close.. no mana :(. coming meepo. strats. GG. LOL. good game,PROSOCIAL
18728,"""Wholafs..""",GG. BEST SUPP,PROSOCIAL
20962,H0v3,gg,PROSOCIAL
26000,S.wade,GG. that rough start,PROSOCIAL
29322,BeFa,Gg. Hard game,PROSOCIAL
24981,Saw,OUR BABY HERO. GG ,PROSOCIAL
44663,good morning,GG,PROSOCIAL
46147,ching chong bing bong,gg,PROSOCIAL
31627,DOCTOR DICK,enigma no dagger. rofl. congrats on dagger . enigma,PROSOCIAL
1709,Maybe MIder,gg,PROSOCIAL
6290,Dr. 5tyX,gg,PROSOCIAL
48950,Mu,ggwp,PROSOCIAL
13123,GG,gg wp,PROSOCIAL
43935,Majus^2*,nice crit,PROSOCIAL
45571,Knight Solaire,gg wp. gg wp,PROSOCIAL
40515,™†ReXoS†™,gg. gg,PROSOCIAL
22038,R41S0,lol. gg,PROSOCIAL
30594,Fabio,gl hf. g,PROSOCIAL
35500,Mayushii,ggwp,PROSOCIAL
37574,1of3,gl hf. I'm not exe still nice to meet you. gg wp,PROSOCIAL
38572,dickhead,ggwp commend my team,PROSOCIAL
